True Wavelength,Predicted Wavelength,Sensor,Absolute Error,Relative Error (%),Trial
250.0,262.49729327519617,P_IR1,12.49729327519617,4.998917310078468,0
250.0,271.3238116970356,P_IR1,21.32381169703558,8.529524678814232,1
250.0,278.4754386729411,P_IR1,28.475438672941095,11.390175469176437,2
250.0,262.49729327519617,P_IR1,12.49729327519617,4.998917310078468,3
250.0,262.49729327519617,P_IR1,12.49729327519617,4.998917310078468,4
250.0,262.49729327519617,P_IR1,12.49729327519617,4.998917310078468,5
250.0,273.15619926954383,P_IR1,23.156199269543833,9.262479707817533,6
250.0,262.49729327519617,P_IR1,12.49729327519617,4.998917310078468,7
250.0,300.57151902109166,P_IR1,50.57151902109166,20.228607608436665,8
250.0,262.49729327519617,P_IR1,12.49729327519617,4.998917310078468,9
250.0,274.2594513522534,P_IR1,24.259451352253393,9.703780540901358,10
250.0,291.8754814961466,P_IR1,41.87548149614662,16.75019259845865,11
250.0,262.49729327519617,P_IR1,12.49729327519617,4.998917310078468,12
250.0,271.69622629844844,P_IR1,21.696226298448437,8.678490519379375,13
250.0,268.6977304766282,P_IR1,18.69773047662818,7.479092190651272,14
250.0,175.41609054499136,P_IR1xP,74.58390945500864,29.833563782003452,0
250.0,261.4530192140104,P_IR1xP,11.453019214010396,4.581207685604158,1
250.0,157.2244208476274,P_IR1xP,92.77557915237259,37.11023166094903,2
250.0,262.49729327519617,P_IR1xP,12.49729327519617,4.998917310078468,3
250.0,262.49729327519617,P_IR1xP,12.49729327519617,4.998917310078468,4
250.0,176.68033123264405,P_IR1xP,73.31966876735595,29.32786750694238,5
250.0,215.93819405058,P_IR1xP,34.061805949420005,13.624722379768004,6
250.0,262.49729327519617,P_IR1xP,12.49729327519617,4.998917310078468,7
250.0,262.49729327519617,P_IR1xP,12.49729327519617,4.998917310078468,8
250.0,262.49729327519617,P_IR1xP,12.49729327519617,4.998917310078468,9
250.0,108.68666306143334,P_IR1xP,141.31333693856666,56.525334775426664,10
250.0,262.49729327519617,P_IR1xP,12.49729327519617,4.998917310078468,11
250.0,87.81477766240144,P_IR1xP,162.18522233759856,64.87408893503942,12
250.0,128.12397699862206,P_IR1xP,121.87602300137794,48.750409200551175,13
250.0,262.49729327519617,P_IR1xP,12.49729327519617,4.998917310078468,14
250.0,262.49729327519617,P_IR2,12.49729327519617,4.998917310078468,0
250.0,262.49729327519617,P_IR2,12.49729327519617,4.998917310078468,1
250.0,-16.5498646812405,P_IR2,266.5498646812405,106.61994587249619,2
250.0,-110.83885947754898,P_IR2,360.83885947754897,144.33554379101957,3
250.0,-227.53734127091684,P_IR2,477.53734127091684,191.01493650836673,4
250.0,152.6841516943311,P_IR2,97.31584830566891,38.92633932226756,5
250.0,-91.9543804598522,P_IR2,341.9543804598522,136.78175218394088,6
250.0,262.49729327519617,P_IR2,12.49729327519617,4.998917310078468,7
250.0,262.49729327519617,P_IR2,12.49729327519617,4.998917310078468,8
250.0,262.49729327519617,P_IR2,12.49729327519617,4.998917310078468,9
250.0,-278.9302422887785,P_IR2,528.9302422887786,211.57209691551145,10
250.0,262.49729327519617,P_IR2,12.49729327519617,4.998917310078468,11
250.0,247.61375224226754,P_IR2,2.3862477577324626,0.954499103092985,12
250.0,262.49729327519617,P_IR2,12.49729327519617,4.998917310078468,13
250.0,262.49729327519617,P_IR2,12.49729327519617,4.998917310078468,14
250.0,262.49729327519617,P_UV,12.49729327519617,4.998917310078468,0
250.0,404.69457210171737,P_UV,154.69457210171737,61.877828840686945,1
250.0,262.49729327519617,P_UV,12.49729327519617,4.998917310078468,2
250.0,262.49729327519617,P_UV,12.49729327519617,4.998917310078468,3
250.0,493.07870430963106,P_UV,243.07870430963106,97.23148172385243,4
250.0,269.0055930846754,P_UV,19.00559308467541,7.602237233870164,5
250.0,262.49729327519617,P_UV,12.49729327519617,4.998917310078468,6
250.0,295.55064380289167,P_UV,45.55064380289167,18.220257521156668,7
250.0,287.4806033530571,P_UV,37.48060335305712,14.992241341222847,8
250.0,262.49729327519617,P_UV,12.49729327519617,4.998917310078468,9
250.0,322.95847809000264,P_UV,72.95847809000264,29.183391236001054,10
250.0,262.49729327519617,P_UV,12.49729327519617,4.998917310078468,11
250.0,262.49729327519617,P_UV,12.49729327519617,4.998917310078468,12
250.0,262.49729327519617,P_UV,12.49729327519617,4.998917310078468,13
250.0,262.49729327519617,P_UV,12.49729327519617,4.998917310078468,14
250.0,232.3379990807769,C_UV,17.66200091922309,7.064800367689236,0
250.0,225.0639125333553,C_UV,24.936087466644693,9.974434986657878,1
250.0,262.49729327519617,C_UV,12.49729327519617,4.998917310078468,2
250.0,234.43819410419914,C_UV,15.561805895800859,6.224722358320343,3
250.0,233.37162347306216,C_UV,16.628376526937842,6.651350610775136,4
250.0,223.8096898538247,C_UV,26.190310146175307,10.476124058470122,5
250.0,233.1141001732548,C_UV,16.885899826745202,6.754359930698081,6
250.0,262.49729327519617,C_UV,12.49729327519617,4.998917310078468,7
250.0,262.49729327519617,C_UV,12.49729327519617,4.998917310078468,8
250.0,216.9305333166007,C_UV,33.0694666833993,13.22778667335972,9
250.0,227.64579619689326,C_UV,22.354203803106742,8.941681521242696,10
250.0,253.26326451853907,C_UV,3.2632645185390743,1.3053058074156296,11
250.0,262.49729327519617,C_UV,12.49729327519617,4.998917310078468,12
250.0,262.49729327519617,C_UV,12.49729327519617,4.998917310078468,13
250.0,233.76301632122562,C_UV,16.23698367877438,6.494793471509752,14
250.0,266.5385715520615,C_VISG,16.538571552061512,6.615428620824606,0
250.0,263.693779970306,C_VISG,13.693779970306025,5.4775119881224095,1
250.0,265.7903678618757,C_VISG,15.790367861875723,6.316147144750289,2
250.0,262.49729327519617,C_VISG,12.49729327519617,4.998917310078468,3
250.0,262.49729327519617,C_VISG,12.49729327519617,4.998917310078468,4
250.0,262.49729327519617,C_VISG,12.49729327519617,4.998917310078468,5
250.0,262.49729327519617,C_VISG,12.49729327519617,4.998917310078468,6
250.0,262.49729327519617,C_VISG,12.49729327519617,4.998917310078468,7
250.0,276.6250876341262,C_VISG,26.625087634126203,10.65003505365048,8
250.0,262.49729327519617,C_VISG,12.49729327519617,4.998917310078468,9
250.0,293.1467664524358,C_VISG,43.14676645243583,17.25870658097433,10
250.0,285.8944241731242,C_VISG,35.89442417312421,14.357769669249684,11
250.0,262.49729327519617,C_VISG,12.49729327519617,4.998917310078468,12
250.0,300.7312620373603,C_VISG,50.731262037360295,20.292504814944117,13
250.0,262.49729327519617,C_VISG,12.49729327519617,4.998917310078468,14
250.0,262.49729327519617,C_VISB,12.49729327519617,4.998917310078468,0
250.0,255.53171808330674,C_VISB,5.5317180833067425,2.212687233322697,1
250.0,255.15404347366876,C_VISB,5.154043473668764,2.061617389467506,2
250.0,257.1655607341724,C_VISB,7.165560734172402,2.866224293668961,3
250.0,262.269596207672,C_VISB,12.26959620767201,4.9078384830688035,4
250.0,262.49729327519617,C_VISB,12.49729327519617,4.998917310078468,5
250.0,262.49729327519617,C_VISB,12.49729327519617,4.998917310078468,6
250.0,255.6408367194469,C_VISB,5.640836719446895,2.2563346877787582,7
250.0,255.57965756265742,C_VISB,5.579657562657417,2.2318630250629665,8
250.0,258.72490296479083,C_VISB,8.724902964790829,3.4899611859163313,9
250.0,256.3665629680665,C_VISB,6.366562968066489,2.5466251872265957,10
250.0,262.49729327519617,C_VISB,12.49729327519617,4.998917310078468,11
250.0,262.49729327519617,C_VISB,12.49729327519617,4.998917310078468,12
250.0,262.49729327519617,C_VISB,12.49729327519617,4.998917310078468,13
250.0,260.9226350559415,C_VISB,10.922635055941498,4.3690540223765995,14
250.0,292.21584886821506,C_VISR,42.21584886821506,16.886339547286024,0
250.0,262.49729327519617,C_VISR,12.49729327519617,4.998917310078468,1
250.0,262.49729327519617,C_VISR,12.49729327519617,4.998917310078468,2
250.0,307.7102969138514,C_VISR,57.71029691385138,23.084118765540552,3
250.0,319.8226754845509,C_VISR,69.82267548455093,27.929070193820372,4
250.0,318.88405691262824,C_VISR,68.88405691262824,27.553622765051294,5
250.0,297.23172142891764,C_VISR,47.23172142891764,18.892688571567053,6
250.0,272.0532397414941,C_VISR,22.05323974149411,8.821295896597645,7
250.0,262.49729327519617,C_VISR,12.49729327519617,4.998917310078468,8
250.0,262.49729327519617,C_VISR,12.49729327519617,4.998917310078468,9
250.0,293.67267018808775,C_VISR,43.67267018808775,17.4690680752351,10
250.0,297.9512676026113,C_VISR,47.951267602611324,19.180507041044528,11
250.0,266.28726063194523,C_VISR,16.28726063194523,6.514904252778092,12
250.0,277.15419655240265,C_VISR,27.154196552402652,10.861678620961062,13
250.0,262.49729327519617,C_VISR,12.49729327519617,4.998917310078468,14
500.0,479.618849443561,P_IR1,20.381150556439025,4.0762301112878045,0
500.0,533.4850792857528,P_IR1,33.48507928575282,6.697015857150563,1
500.0,479.618849443561,P_IR1,20.381150556439025,4.0762301112878045,2
500.0,566.1170705466599,P_IR1,66.11707054665987,13.223414109331975,3
500.0,515.2060454667918,P_IR1,15.206045466791807,3.0412090933583613,4
500.0,479.618849443561,P_IR1,20.381150556439025,4.0762301112878045,5
500.0,479.618849443561,P_IR1,20.381150556439025,4.0762301112878045,6
500.0,479.618849443561,P_IR1,20.381150556439025,4.0762301112878045,7
500.0,514.7234512267211,P_IR1,14.723451226721068,2.9446902453442134,8
500.0,479.618849443561,P_IR1,20.381150556439025,4.0762301112878045,9
500.0,511.2797651183112,P_IR1,11.279765118311218,2.2559530236622436,10
500.0,479.618849443561,P_IR1,20.381150556439025,4.0762301112878045,11
500.0,569.013980523446,P_IR1,69.01398052344598,13.802796104689197,12
500.0,479.618849443561,P_IR1,20.381150556439025,4.0762301112878045,13
500.0,483.40021660923526,P_IR1,16.599783390764742,3.319956678152949,14
500.0,463.45218630364263,P_IR1xP,36.547813696357366,7.309562739271473,0
500.0,410.1235034267584,P_IR1xP,89.87649657324158,17.975299314648314,1
500.0,524.6083363896502,P_IR1xP,24.608336389650162,4.921667277930032,2
500.0,524.6083363896502,P_IR1xP,24.608336389650162,4.921667277930032,3
500.0,511.51744171064615,P_IR1xP,11.517441710646153,2.3034883421292305,4
500.0,485.81566790518053,P_IR1xP,14.184332094819467,2.8368664189638935,5
500.0,455.21823044161977,P_IR1xP,44.78176955838023,8.956353911676047,6
500.0,524.6083363896502,P_IR1xP,24.608336389650162,4.921667277930032,7
500.0,475.505027497403,P_IR1xP,24.494972502597022,4.898994500519405,8
500.0,524.6083363896502,P_IR1xP,24.608336389650162,4.921667277930032,9
500.0,443.80623639250155,P_IR1xP,56.193763607498454,11.238752721499692,10
500.0,424.12169754104843,P_IR1xP,75.87830245895157,15.175660491790314,11
500.0,524.6083363896502,P_IR1xP,24.608336389650162,4.921667277930032,12
500.0,524.6083363896502,P_IR1xP,24.608336389650162,4.921667277930032,13
500.0,524.6083363896502,P_IR1xP,24.608336389650162,4.921667277930032,14
500.0,387.2934287650752,P_IR2,112.70657123492481,22.54131424698496,0
500.0,609.1403138071965,P_IR2,109.14031380719655,21.82806276143931,1
500.0,400.71470885828927,P_IR2,99.28529114171073,19.857058228342144,2
500.0,401.7143800161688,P_IR2,98.28561998383122,19.657123996766245,3
500.0,609.1403138071965,P_IR2,109.14031380719655,21.82806276143931,4
500.0,417.893330023257,P_IR2,82.10666997674298,16.421333995348594,5
500.0,609.1403138071965,P_IR2,109.14031380719655,21.82806276143931,6
500.0,409.6044881358006,P_IR2,90.39551186419942,18.079102372839884,7
500.0,488.2711986510255,P_IR2,11.728801348974514,2.345760269794903,8
500.0,436.42393689487676,P_IR2,63.57606310512324,12.71521262102465,9
500.0,609.1403138071965,P_IR2,109.14031380719655,21.82806276143931,10
500.0,609.1403138071965,P_IR2,109.14031380719655,21.82806276143931,11
500.0,403.581767782731,P_IR2,96.41823221726901,19.2836464434538,12
500.0,509.45568955453786,P_IR2,9.455689554537855,1.891137910907571,13
500.0,414.7267942593205,P_IR2,85.27320574067949,17.054641148135897,14
500.0,509.15897167606914,P_UV,9.158971676069143,1.8317943352138286,0
500.0,467.4603022554159,P_UV,32.53969774458409,6.507939548916817,1
500.0,466.76726879795655,P_UV,33.23273120204345,6.646546240408691,2
500.0,540.1144618968367,P_UV,40.1144618968367,8.02289237936734,3
500.0,607.7358505743013,P_UV,107.73585057430125,21.54717011486025,4
500.0,428.66193945149473,P_UV,71.33806054850527,14.267612109701053,5
500.0,495.2824321181376,P_UV,4.717567881862408,0.9435135763724815,6
500.0,414.2373332862885,P_UV,85.7626667137115,17.1525333427423,7
500.0,630.7013370759724,P_UV,130.70133707597245,26.14026741519449,8
500.0,422.6012473211956,P_UV,77.39875267880439,15.479750535760878,9
500.0,523.2112263618271,P_UV,23.21122636182713,4.642245272365426,10
500.0,539.0083799133707,P_UV,39.00837991337073,7.801675982674146,11
500.0,448.02610739360557,P_UV,51.97389260639443,10.394778521278885,12
500.0,519.8277700553596,P_UV,19.827770055359565,3.965554011071913,13
500.0,503.65717760925776,P_UV,3.657177609257758,0.7314355218515516,14
500.0,509.5174028905559,C_UV,9.5174028905559,1.9034805781111799,0
500.0,226.820739925152,C_UV,273.179260074848,54.6358520149696,1
500.0,509.5174028905559,C_UV,9.5174028905559,1.9034805781111799,2
500.0,509.5174028905559,C_UV,9.5174028905559,1.9034805781111799,3
500.0,509.5174028905559,C_UV,9.5174028905559,1.9034805781111799,4
500.0,259.5322353448104,C_UV,240.46776465518963,48.09355293103793,5
500.0,352.9158285611698,C_UV,147.0841714388302,29.41683428776604,6
500.0,509.5174028905559,C_UV,9.5174028905559,1.9034805781111799,7
500.0,509.5174028905559,C_UV,9.5174028905559,1.9034805781111799,8
500.0,229.14338644022772,C_UV,270.8566135597723,54.17132271195446,9
500.0,428.5586024343558,C_UV,71.4413975656442,14.288279513128838,10
500.0,230.1225349075179,C_UV,269.8774650924821,53.97549301849642,11
500.0,509.5174028905559,C_UV,9.5174028905559,1.9034805781111799,12
500.0,349.4392030340353,C_UV,150.5607969659647,30.11215939319294,13
500.0,509.5174028905559,C_UV,9.5174028905559,1.9034805781111799,14
500.0,501.3310241243567,C_VISG,1.331024124356702,0.26620482487134045,0
500.0,481.6039693540925,C_VISG,18.3960306459075,3.6792061291815004,1
500.0,484.853463909214,C_VISG,15.146536090786014,3.0293072181572027,2
500.0,494.57298744043567,C_VISG,5.427012559564332,1.0854025119128665,3
500.0,498.80301505315094,C_VISG,1.1969849468490565,0.2393969893698113,4
500.0,486.4543181079017,C_VISG,13.545681892098287,2.7091363784196574,5
500.0,500.97315530602395,C_VISG,0.9731553060239548,0.19463106120479096,6
500.0,490.8621377289802,C_VISG,9.137862271019799,1.8275724542039598,7
500.0,497.12266359120895,C_VISG,2.8773364087910522,0.5754672817582104,8
500.0,498.40622965365014,C_VISG,1.5937703463498565,0.3187540692699713,9
500.0,498.3345091673705,C_VISG,1.665490832629473,0.33309816652589463,10
500.0,493.7112258255192,C_VISG,6.288774174480807,1.2577548348961614,11
500.0,495.0856547440281,C_VISG,4.914345255971909,0.9828690511943818,12
500.0,496.2426396969439,C_VISG,3.757360303056089,0.7514720606112177,13
500.0,483.0336488028511,C_VISG,16.966351197148924,3.3932702394297847,14
500.0,498.36751913245473,C_VISB,1.6324808675452687,0.32649617350905374,0
500.0,499.25899960488834,C_VISB,0.741000395111655,0.148200079022331,1
500.0,498.36751913245473,C_VISB,1.6324808675452687,0.32649617350905374,2
500.0,500.66615036649443,C_VISB,0.6661503664944348,0.13323007329888698,3
500.0,503.2642844892074,C_VISB,3.264284489207398,0.6528568978414796,4
500.0,498.36751913245473,C_VISB,1.6324808675452687,0.32649617350905374,5
500.0,498.36751913245473,C_VISB,1.6324808675452687,0.32649617350905374,6
500.0,498.36751913245473,C_VISB,1.6324808675452687,0.32649617350905374,7
500.0,506.2113956031986,C_VISB,6.211395603198582,1.2422791206397163,8
500.0,518.1475980942772,C_VISB,18.147598094277214,3.629519618855443,9
500.0,498.36751913245473,C_VISB,1.6324808675452687,0.32649617350905374,10
500.0,498.36751913245473,C_VISB,1.6324808675452687,0.32649617350905374,11
500.0,498.36751913245473,C_VISB,1.6324808675452687,0.32649617350905374,12
500.0,498.36751913245473,C_VISB,1.6324808675452687,0.32649617350905374,13
500.0,498.36751913245473,C_VISB,1.6324808675452687,0.32649617350905374,14
500.0,503.32856225016764,C_VISR,3.3285622501676357,0.6657124500335272,0
500.0,496.0035507386402,C_VISR,3.996449261359828,0.7992898522719656,1
500.0,493.6537131908911,C_VISR,6.3462868091089035,1.2692573618217806,2
500.0,492.60750095605715,C_VISR,7.392499043942848,1.4784998087885697,3
500.0,465.5380750661773,C_VISR,34.46192493382267,6.892384986764534,4
500.0,500.26901515104436,C_VISR,0.269015151044357,0.05380303020887141,5
500.0,489.68496734266046,C_VISR,10.315032657339543,2.063006531467909,6
500.0,508.9485032350704,C_VISR,8.948503235070405,1.7897006470140808,7
500.0,491.13093996685296,C_VISR,8.869060033147036,1.7738120066294074,8
500.0,487.28713966861943,C_VISR,12.712860331380568,2.5425720662761138,9
500.0,512.8599412414181,C_VISR,12.859941241418142,2.5719882482836285,10
500.0,510.1625877773067,C_VISR,10.162587777306726,2.0325175554613453,11
500.0,504.2895458258652,C_VISR,4.289545825865218,0.8579091651730437,12
500.0,488.7911306304399,C_VISR,11.208869369560091,2.241773873912018,13
500.0,489.6357705336987,C_VISR,10.36422946630131,2.0728458932602623,14
750.0,750.5044017329611,P_IR1,0.5044017329611279,0.06725356439481706,0
750.0,741.0099515501113,P_IR1,8.990048449888718,1.1986731266518291,1
750.0,739.1256476847918,P_IR1,10.87435231520817,1.449913642027756,2
750.0,721.4887532786922,P_IR1,28.51124672130777,3.801499562841036,3
750.0,744.8570886189914,P_IR1,5.1429113810086164,0.6857215174678155,4
750.0,752.1017097257269,P_IR1,2.1017097257268915,0.2802279634302522,5
750.0,748.2575551143049,P_IR1,1.7424448856951358,0.23232598475935143,6
750.0,727.7527732062541,P_IR1,22.24722679374588,2.966296905832784,7
750.0,743.7936342552289,P_IR1,6.206365744771119,0.8275154326361494,8
750.0,709.465291192421,P_IR1,40.53470880757902,5.404627841010536,9
750.0,738.382418514256,P_IR1,11.61758148574404,1.549010864765872,10
750.0,734.8106526380984,P_IR1,15.189347361901582,2.025246314920211,11
750.0,725.2289310945072,P_IR1,24.771068905492825,3.3028091873990433,12
750.0,746.4711281007819,P_IR1,3.5288718992180748,0.4705162532290767,13
750.0,717.3427633925955,P_IR1,32.65723660740446,4.354298214320594,14
750.0,735.2855885954989,P_IR1xP,14.714411404501107,1.9619215206001475,0
750.0,737.2668167716283,P_IR1xP,12.733183228371672,1.6977577637828896,1
750.0,737.2899328476265,P_IR1xP,12.71006715237354,1.6946756203164721,2
750.0,733.2962102961452,P_IR1xP,16.703789703854795,2.227171960513973,3
750.0,736.0094365893268,P_IR1xP,13.99056341067319,1.8654084547564251,4
750.0,736.7264735607492,P_IR1xP,13.273526439250759,1.7698035252334345,5
750.0,735.7644310185425,P_IR1xP,14.235568981457504,1.8980758641943338,6
750.0,739.9576659435277,P_IR1xP,10.042334056472328,1.3389778741963103,7
750.0,739.9424705448239,P_IR1xP,10.057529455176109,1.3410039273568146,8
750.0,731.1871120602688,P_IR1xP,18.81288793973124,2.508385058630832,9
750.0,739.372026641972,P_IR1xP,10.627973358028044,1.417063114403739,10
750.0,735.6917605719112,P_IR1xP,14.308239428088768,1.9077652570785024,11
750.0,733.6594666238609,P_IR1xP,16.340533376139092,2.178737783485212,12
750.0,736.4949139342583,P_IR1xP,13.505086065741693,1.8006781420988924,13
750.0,736.287836700228,P_IR1xP,13.712163299771987,1.8282884399695984,14
750.0,754.1139437474407,P_IR2,4.113943747440658,0.5485258329920877,0
750.0,717.675096921518,P_IR2,32.32490307848195,4.309987077130927,1
750.0,693.8312204809085,P_IR2,56.16877951909146,7.489170602545528,2
750.0,739.5807486953457,P_IR2,10.419251304654267,1.3892335072872357,3
750.0,754.6357022007895,P_IR2,4.635702200789524,0.6180936267719366,4
750.0,753.5606407243465,P_IR2,3.560640724346513,0.47475209657953504,5
750.0,749.6690138500978,P_IR2,0.33098614990217357,0.044131486653623146,6
750.0,748.0834653759649,P_IR2,1.91653462403508,0.255537949871344,7
750.0,723.2421139579887,P_IR2,26.75788604201125,3.5677181389348336,8
750.0,715.1326350391876,P_IR2,34.86736496081244,4.648981994774991,9
750.0,744.5936577287334,P_IR2,5.406342271266567,0.7208456361688755,10
750.0,747.4115984398766,P_IR2,2.5884015601234296,0.34512020801645726,11
750.0,728.0374185671857,P_IR2,21.962581432814318,2.928344191041909,12
750.0,712.2971007842818,P_IR2,37.70289921571816,5.027053228762422,13
750.0,748.8970959463816,P_IR2,1.1029040536184311,0.14705387381579083,14
750.0,740.0626438199545,P_UV,9.937356180045526,1.3249808240060703,0
750.0,722.8524239625382,P_UV,27.147576037461818,3.619676804994909,1
750.0,716.7145264873812,P_UV,33.28547351261875,4.438063135015834,2
750.0,693.3258921891495,P_UV,56.6741078108505,7.556547708113399,3
750.0,712.6403000034512,P_UV,37.359699996548784,4.981293332873172,4
750.0,740.0626438199545,P_UV,9.937356180045526,1.3249808240060703,5
750.0,738.2301548932891,P_UV,11.769845106710932,1.569312680894791,6
750.0,729.7750454908359,P_UV,20.22495450916415,2.6966606012218866,7
750.0,733.9962242569295,P_UV,16.00377574307049,2.133836765742732,8
750.0,705.8421625615578,P_UV,44.15783743844224,5.887711658458965,9
750.0,732.983457912956,P_UV,17.016542087043945,2.268872278272526,10
750.0,740.0626438199545,P_UV,9.937356180045526,1.3249808240060703,11
750.0,740.0626438199545,P_UV,9.937356180045526,1.3249808240060703,12
750.0,740.0626438199545,P_UV,9.937356180045526,1.3249808240060703,13
750.0,740.0626438199545,P_UV,9.937356180045526,1.3249808240060703,14
750.0,740.0626438199545,C_UV,9.937356180045526,1.3249808240060703,0
750.0,575.466324937755,C_UV,174.53367506224504,23.271156674966004,1
750.0,740.0626438199545,C_UV,9.937356180045526,1.3249808240060703,2
750.0,533.2613400826878,C_UV,216.73865991731225,28.89848798897497,3
750.0,740.0626438199545,C_UV,9.937356180045526,1.3249808240060703,4
750.0,740.0626438199545,C_UV,9.937356180045526,1.3249808240060703,5
750.0,615.5614325010117,C_UV,134.43856749898828,17.925142333198437,6
750.0,740.0626438199545,C_UV,9.937356180045526,1.3249808240060703,7
750.0,507.4742629718538,C_UV,242.52573702814618,32.33676493708616,8
750.0,655.866869586447,C_UV,94.13313041355298,12.551084055140397,9
750.0,402.3623997173657,C_UV,347.6376002826343,46.351680037684574,10
750.0,740.0626438199545,C_UV,9.937356180045526,1.3249808240060703,11
750.0,294.5711447351059,C_UV,455.4288552648941,60.72384736865254,12
750.0,740.0626438199545,C_UV,9.937356180045526,1.3249808240060703,13
750.0,740.0626438199545,C_UV,9.937356180045526,1.3249808240060703,14
750.0,711.0883448273669,C_VISG,38.91165517263312,5.188220689684416,0
750.0,735.6285838729856,C_VISG,14.371416127014413,1.9161888169352552,1
750.0,726.2603041144123,C_VISG,23.739695885587707,3.165292784745027,2
750.0,773.3395296219423,C_VISG,23.339529621942347,3.111937282925646,3
750.0,760.9488839615786,C_VISG,10.948883961578645,1.4598511948771526,4
750.0,746.669136847839,C_VISG,3.330863152160987,0.4441150869547983,5
750.0,712.4425204474161,C_VISG,37.557479552583914,5.007663940344522,6
750.0,768.0898959167858,C_VISG,18.08989591678585,2.4119861222381136,7
750.0,745.4217167686639,C_VISG,4.578283231336059,0.6104377641781411,8
750.0,717.5845282886204,C_VISG,32.41547171137961,4.322062894850615,9
750.0,762.3462750129269,C_VISG,12.346275012926867,1.6461700017235823,10
750.0,737.1615185865555,C_VISG,12.83848141344447,1.7117975217925958,11
750.0,768.9816194368719,C_VISG,18.981619436871938,2.530882591582925,12
750.0,766.4399395774486,C_VISG,16.439939577448627,2.191991943659817,13
750.0,723.4327724296444,C_VISG,26.567227570355612,3.542297009380748,14
750.0,757.4422422483843,C_VISB,7.442242248384332,0.9922989664512444,0
750.0,711.036658743402,C_VISB,38.96334125659803,5.195112167546403,1
750.0,743.9924360787822,C_VISB,6.007563921217752,0.8010085228290337,2
750.0,719.143423765532,C_VISB,30.85657623446798,4.114210164595731,3
750.0,736.9924462958942,C_VISB,13.007553704105817,1.7343404938807756,4
750.0,743.5682409454972,C_VISB,6.431759054502777,0.8575678739337036,5
750.0,724.94494854349,C_VISB,25.05505145651,3.340673527534667,6
750.0,728.8917922733549,C_VISB,21.108207726645105,2.814427696886014,7
750.0,738.2150623441115,C_VISB,11.784937655888484,1.571325020785131,8
750.0,733.8254924855288,C_VISB,16.174507514471202,2.1566010019294937,9
750.0,746.7374018324541,C_VISB,3.262598167545889,0.4350130890061185,10
750.0,732.8068292047154,C_VISB,17.193170795284573,2.2924227727046094,11
750.0,750.5137209876902,C_VISB,0.5137209876902489,0.06849613169203318,12
750.0,746.639430095627,C_VISB,3.360569904373051,0.4480759872497402,13
750.0,739.6013219971633,C_VISB,10.398678002836732,1.3864904003782308,14
750.0,744.5562423665413,C_VISR,5.443757633458745,0.7258343511278327,0
750.0,746.3744609523944,C_VISR,3.625539047605571,0.4834052063474094,1
750.0,740.5221601148037,C_VISR,9.477839885196317,1.2637119846928424,2
750.0,730.6945373611875,C_VISR,19.305462638812514,2.574061685175002,3
750.0,742.8042509257027,C_VISR,7.195749074297282,0.9594332099063043,4
750.0,741.5576629213633,C_VISR,8.442337078636683,1.1256449438182243,5
750.0,741.7619112675806,C_VISR,8.238088732419442,1.0984118309892588,6
750.0,742.697304928116,C_VISR,7.302695071884045,0.973692676251206,7
750.0,739.3467019902594,C_VISR,10.653298009740638,1.4204397346320852,8
750.0,740.0835122763079,C_VISR,9.916487723692057,1.3221983631589411,9
750.0,731.6956022292711,C_VISR,18.304397770728883,2.440586369430518,10
750.0,744.2303137382123,C_VISR,5.769686261787683,0.7692915015716911,11
750.0,740.9125867412259,C_VISR,9.087413258774063,1.211655101169875,12
750.0,736.2077373146443,C_VISR,13.792262685355695,1.8389683580474259,13
750.0,740.2683819264792,C_VISR,9.731618073520849,1.2975490764694464,14
1000.0,851.5265677353318,P_IR1,148.4734322646682,14.847343226466819,0
1000.0,983.0598122920928,P_IR1,16.94018770790717,1.6940187707907168,1
1000.0,957.6635467440174,P_IR1,42.33645325598263,4.233645325598263,2
1000.0,954.3665861348195,P_IR1,45.6334138651805,4.56334138651805,3
1000.0,850.0452718442654,P_IR1,149.95472815573464,14.995472815573462,4
1000.0,983.0598122920928,P_IR1,16.94018770790717,1.6940187707907168,5
1000.0,893.2219632225837,P_IR1,106.77803677741633,10.677803677741633,6
1000.0,983.0598122920928,P_IR1,16.94018770790717,1.6940187707907168,7
1000.0,900.5024459771853,P_IR1,99.49755402281471,9.949755402281472,8
1000.0,952.7355599523032,P_IR1,47.26444004769678,4.726444004769678,9
1000.0,972.026006553872,P_IR1,27.97399344612802,2.797399344612802,10
1000.0,983.0598122920928,P_IR1,16.94018770790717,1.6940187707907168,11
1000.0,983.0598122920928,P_IR1,16.94018770790717,1.6940187707907168,12
1000.0,897.1782419820663,P_IR1,102.82175801793369,10.28217580179337,13
1000.0,983.0598122920928,P_IR1,16.94018770790717,1.6940187707907168,14
1000.0,1061.0602238987658,P_IR1xP,61.0602238987658,6.10602238987658,0
1000.0,1064.3405397760257,P_IR1xP,64.34053977602571,6.43405397760257,1
1000.0,956.8974203728478,P_IR1xP,43.10257962715218,4.310257962715218,2
1000.0,1023.3428498423115,P_IR1xP,23.342849842311466,2.3342849842311466,3
1000.0,1015.0404087885761,P_IR1xP,15.040408788576087,1.5040408788576087,4
1000.0,984.4049285050833,P_IR1xP,15.595071494916738,1.559507149491674,5
1000.0,1008.1043102131848,P_IR1xP,8.104310213184817,0.8104310213184817,6
1000.0,1047.3792146196627,P_IR1xP,47.37921461966266,4.737921461966266,7
1000.0,973.7545464871357,P_IR1xP,26.245453512864287,2.6245453512864287,8
1000.0,991.0624162717183,P_IR1xP,8.937583728281652,0.8937583728281653,9
1000.0,996.1068410602704,P_IR1xP,3.893158939729574,0.3893158939729574,10
1000.0,959.6953158323009,P_IR1xP,40.304684167699065,4.0304684167699065,11
1000.0,987.0455529568065,P_IR1xP,12.954447043193454,1.2954447043193456,12
1000.0,1062.0866668203003,P_IR1xP,62.08666682030025,6.208666682030025,13
1000.0,964.703100100854,P_IR1xP,35.296899899145956,3.529689989914596,14
1000.0,823.6546888116225,P_IR2,176.34531118837754,17.634531118837753,0
1000.0,1061.8807711843444,P_IR2,61.88077118434444,6.188077118434443,1
1000.0,1058.0872180250688,P_IR2,58.08721802506875,5.8087218025068745,2
1000.0,965.9065419133426,P_IR2,34.09345808665739,3.409345808665739,3
1000.0,986.2794652665256,P_IR2,13.720534733474437,1.3720534733474437,4
1000.0,1030.1452083756603,P_IR2,30.14520837566033,3.014520837566033,5
1000.0,907.9147137882281,P_IR2,92.08528621177186,9.208528621177186,6
1000.0,971.9378460173464,P_IR2,28.062153982653626,2.806215398265363,7
1000.0,993.2608623260464,P_IR2,6.7391376739535644,0.6739137673953564,8
1000.0,969.3611543561196,P_IR2,30.63884564388036,3.063884564388036,9
1000.0,989.6807777021718,P_IR2,10.319222297828219,1.0319222297828219,10
1000.0,1038.466670038408,P_IR2,38.46667003840798,3.846667003840799,11
1000.0,981.7688452063425,P_IR2,18.231154793657538,1.8231154793657538,12
1000.0,883.4980422741875,P_IR2,116.50195772581253,11.650195772581252,13
1000.0,955.183986332431,P_IR2,44.816013667568996,4.4816013667569,14
1000.0,986.5318794000401,P_UV,13.468120599959889,1.346812059995989,0
1000.0,962.6057615849584,P_UV,37.39423841504163,3.7394238415041627,1
1000.0,980.8434508116326,P_UV,19.15654918836742,1.915654918836742,2
1000.0,997.4818981637143,P_UV,2.518101836285723,0.2518101836285723,3
1000.0,970.9065000133945,P_UV,29.09349998660548,2.9093499986605478,4
1000.0,982.1436309944588,P_UV,17.856369005541183,1.7856369005541182,5
1000.0,979.5428669238279,P_UV,20.457133076172113,2.0457133076172114,6
1000.0,995.8114275408407,P_UV,4.188572459159332,0.4188572459159332,7
1000.0,1013.8929252281497,P_UV,13.892925228149693,1.3892925228149693,8
1000.0,980.873103983098,P_UV,19.126896016902037,1.9126896016902035,9
1000.0,991.8385427504487,P_UV,8.16145724955129,0.8161457249551289,10
1000.0,972.2952779383305,P_UV,27.704722061669486,2.7704722061669487,11
1000.0,997.8288917788467,P_UV,2.171108221153304,0.21711082211533037,12
1000.0,996.3048440387387,P_UV,3.695155961261321,0.3695155961261321,13
1000.0,980.820308603727,P_UV,19.17969139627303,1.9179691396273026,14
1000.0,983.0598122920928,C_UV,16.94018770790717,1.6940187707907168,0
1000.0,983.0598122920928,C_UV,16.94018770790717,1.6940187707907168,1
1000.0,857.8494394883847,C_UV,142.15056051161525,14.215056051161525,2
1000.0,983.0598122920928,C_UV,16.94018770790717,1.6940187707907168,3
1000.0,983.0598122920928,C_UV,16.94018770790717,1.6940187707907168,4
1000.0,869.3574868873653,C_UV,130.64251311263467,13.064251311263467,5
1000.0,983.0598122920928,C_UV,16.94018770790717,1.6940187707907168,6
1000.0,840.191197246042,C_UV,159.80880275395805,15.980880275395803,7
1000.0,983.0598122920928,C_UV,16.94018770790717,1.6940187707907168,8
1000.0,975.8939026158505,C_UV,24.106097384149507,2.4106097384149505,9
1000.0,965.971432349455,C_UV,34.02856765054503,3.402856765054503,10
1000.0,879.6919382395656,C_UV,120.30806176043438,12.03080617604344,11
1000.0,983.0598122920928,C_UV,16.94018770790717,1.6940187707907168,12
1000.0,983.0598122920928,C_UV,16.94018770790717,1.6940187707907168,13
1000.0,813.2718244156002,C_UV,186.72817558439976,18.672817558439977,14
1000.0,924.0878311700484,C_VISG,75.91216882995161,7.591216882995161,0
1000.0,983.0598122920928,C_VISG,16.94018770790717,1.6940187707907168,1
1000.0,983.0598122920928,C_VISG,16.94018770790717,1.6940187707907168,2
1000.0,983.0598122920928,C_VISG,16.94018770790717,1.6940187707907168,3
1000.0,860.9356406033912,C_VISG,139.06435939660878,13.906435939660877,4
1000.0,950.2223922580077,C_VISG,49.777607741992256,4.977760774199226,5
1000.0,983.0598122920928,C_VISG,16.94018770790717,1.6940187707907168,6
1000.0,948.7723221455237,C_VISG,51.22767785447627,5.122767785447627,7
1000.0,983.0598122920928,C_VISG,16.94018770790717,1.6940187707907168,8
1000.0,960.8414539182604,C_VISG,39.15854608173959,3.915854608173959,9
1000.0,918.3429121357935,C_VISG,81.65708786420646,8.165708786420646,10
1000.0,983.0598122920928,C_VISG,16.94018770790717,1.6940187707907168,11
1000.0,983.0598122920928,C_VISG,16.94018770790717,1.6940187707907168,12
1000.0,983.0598122920928,C_VISG,16.94018770790717,1.6940187707907168,13
1000.0,925.822821817506,C_VISG,74.177178182494,7.4177178182494,14
1000.0,967.2871662471025,C_VISB,32.712833752897495,3.27128337528975,0
1000.0,976.8527946674205,C_VISB,23.14720533257946,2.314720533257946,1
1000.0,983.0598122920928,C_VISB,16.94018770790717,1.6940187707907168,2
1000.0,983.0598122920928,C_VISB,16.94018770790717,1.6940187707907168,3
1000.0,983.0598122920928,C_VISB,16.94018770790717,1.6940187707907168,4
1000.0,969.1084312514787,C_VISB,30.89156874852131,3.0891568748521308,5
1000.0,956.8486755054826,C_VISB,43.15132449451744,4.315132449451744,6
1000.0,983.0598122920928,C_VISB,16.94018770790717,1.6940187707907168,7
1000.0,979.9894687539816,C_VISB,20.010531246018445,2.0010531246018446,8
1000.0,982.0178897708716,C_VISB,17.982110229128352,1.798211022912835,9
1000.0,972.028248089094,C_VISB,27.97175191090605,2.7971751910906053,10
1000.0,983.0598122920928,C_VISB,16.94018770790717,1.6940187707907168,11
1000.0,983.0598122920928,C_VISB,16.94018770790717,1.6940187707907168,12
1000.0,967.6709875590827,C_VISB,32.32901244091727,3.2329012440917264,13
1000.0,967.2621817171571,C_VISB,32.73781828284291,3.273781828284291,14
1000.0,985.0805005118319,C_VISR,14.919499488168071,1.491949948816807,0
1000.0,984.5002954684993,C_VISR,15.499704531500697,1.5499704531500698,1
1000.0,983.295793888727,C_VISR,16.704206111273038,1.670420611127304,2
1000.0,983.4681855462647,C_VISR,16.53181445373525,1.653181445373525,3
1000.0,983.0598122920928,C_VISR,16.94018770790717,1.6940187707907168,4
1000.0,983.0598122920928,C_VISR,16.94018770790717,1.6940187707907168,5
1000.0,983.0598122920928,C_VISR,16.94018770790717,1.6940187707907168,6
1000.0,983.9154152658942,C_VISR,16.08458473410576,1.6084584734105762,7
1000.0,985.1642778826114,C_VISR,14.835722117388627,1.4835722117388628,8
1000.0,983.0598122920928,C_VISR,16.94018770790717,1.6940187707907168,9
1000.0,983.0598122920928,C_VISR,16.94018770790717,1.6940187707907168,10
1000.0,983.4841702834777,C_VISR,16.515829716522262,1.6515829716522261,11
1000.0,983.0598122920928,C_VISR,16.94018770790717,1.6940187707907168,12
1000.0,983.0598122920928,C_VISR,16.94018770790717,1.6940187707907168,13
1000.0,983.0598122920928,C_VISR,16.94018770790717,1.6940187707907168,14
1250.0,1205.64286253072,P_IR1,44.357137469279905,3.5485709975423925,0
1250.0,1246.0096784898467,P_IR1,3.990321510153308,0.31922572081226464,1
1250.0,1246.0096784898467,P_IR1,3.990321510153308,0.31922572081226464,2
1250.0,1157.012208986783,P_IR1,92.98779101321702,7.439023281057362,3
1250.0,1220.177844518295,P_IR1,29.822155481705067,2.385772438536405,4
1250.0,1246.0096784898467,P_IR1,3.990321510153308,0.31922572081226464,5
1250.0,1246.0096784898467,P_IR1,3.990321510153308,0.31922572081226464,6
1250.0,1170.6392502089946,P_IR1,79.36074979100545,6.348859983280436,7
1250.0,1232.1419771870592,P_IR1,17.858022812940817,1.4286418250352655,8
1250.0,1218.6933027064267,P_IR1,31.30669729357328,2.5045357834858626,9
1250.0,1224.6059210222506,P_IR1,25.39407897774936,2.031526318219949,10
1250.0,1090.2311589759315,P_IR1,159.76884102406848,12.781507281925478,11
1250.0,1200.6934341316348,P_IR1,49.30656586836517,3.9445252694692137,12
1250.0,1246.0096784898467,P_IR1,3.990321510153308,0.31922572081226464,13
1250.0,1246.0096784898467,P_IR1,3.990321510153308,0.31922572081226464,14
1250.0,1261.893674699974,P_IR1xP,11.893674699974099,0.951493975997928,0
1250.0,1281.0584604971796,P_IR1xP,31.058460497179567,2.484676839774365,1
1250.0,1271.261569952518,P_IR1xP,21.261569952517902,1.7009255962014322,2
1250.0,1225.81996339052,P_IR1xP,24.180036609480112,1.934402928758409,3
1250.0,1233.6335166490824,P_IR1xP,16.366483350917633,1.3093186680734106,4
1250.0,1252.8251552227302,P_IR1xP,2.8251552227302454,0.22601241781841963,5
1250.0,1226.8806271528804,P_IR1xP,23.11937284711962,1.8495498277695694,6
1250.0,1263.819159402878,P_IR1xP,13.819159402878086,1.105532752230247,7
1250.0,1241.656284547319,P_IR1xP,8.343715452680954,0.6674972362144762,8
1250.0,1264.2346056244292,P_IR1xP,14.23460562442915,1.138768449954332,9
1250.0,1267.0189579977562,P_IR1xP,17.01895799775616,1.361516639820493,10
1250.0,1296.9614854881247,P_IR1xP,46.96148548812471,3.756918839049977,11
1250.0,1217.3334679519594,P_IR1xP,32.66653204804061,2.6133225638432487,12
1250.0,1224.215577204788,P_IR1xP,25.784422795212095,2.0627538236169674,13
1250.0,1222.6962662595208,P_IR1xP,27.303733740479174,2.184298699238334,14
1250.0,1152.3734922897609,P_IR2,97.62650771023914,7.810120616819131,0
1250.0,1248.3100707086965,P_IR2,1.6899292913035424,0.1351943433042834,1
1250.0,1271.865886244018,P_IR2,21.86588624401793,1.7492708995214343,2
1250.0,1242.9958421078354,P_IR2,7.004157892164585,0.5603326313731668,3
1250.0,1268.9620514345331,P_IR2,18.962051434533123,1.5169641147626498,4
1250.0,1169.2129182996198,P_IR2,80.78708170038021,6.462966536030416,5
1250.0,1311.8964228793454,P_IR2,61.89642287934544,4.951713830347635,6
1250.0,1255.178902162536,P_IR2,5.1789021625359055,0.4143121730028725,7
1250.0,1336.5547051623696,P_IR2,86.5547051623696,6.9243764129895675,8
1250.0,1372.2607989002574,P_IR2,122.26079890025744,9.780863912020596,9
1250.0,1235.3876851691107,P_IR2,14.612314830889318,1.1689851864711454,10
1250.0,1243.1507518986703,P_IR2,6.849248101329749,0.54793984810638,11
1250.0,1521.756010506077,P_IR2,271.756010506077,21.74048084048616,12
1250.0,1205.4474477077213,P_IR2,44.55255229227873,3.564204183382299,13
1250.0,1255.19175313309,P_IR2,5.19175313309006,0.4153402506472048,14
1250.0,1246.0096784898467,P_UV,3.990321510153308,0.31922572081226464,0
1250.0,1246.0096784898467,P_UV,3.990321510153308,0.31922572081226464,1
1250.0,1247.368329169359,P_UV,2.631670830641042,0.21053366645128335,2
1250.0,1246.0096784898467,P_UV,3.990321510153308,0.31922572081226464,3
1250.0,1246.7654495678917,P_UV,3.2345504321083354,0.2587640345686668,4
1250.0,1246.0096784898467,P_UV,3.990321510153308,0.31922572081226464,5
1250.0,1253.0494804317875,P_UV,3.049480431787515,0.2439584345430012,6
1250.0,1246.0096784898467,P_UV,3.990321510153308,0.31922572081226464,7
1250.0,1246.0096784898467,P_UV,3.990321510153308,0.31922572081226464,8
1250.0,1252.8949412649024,P_UV,2.8949412649024,0.231595301192192,9
1250.0,1249.1363042326911,P_UV,0.8636957673088546,0.06909566138470837,10
1250.0,1252.8661514254843,P_UV,2.866151425484304,0.22929211403874433,11
1250.0,1258.8192393820357,P_UV,8.819239382035676,0.705539150562854,12
1250.0,1253.256669297969,P_UV,3.2566692979689833,0.26053354383751864,13
1250.0,1250.418907044365,P_UV,0.4189070443649143,0.033512563549193145,14
1250.0,1246.0096784898467,C_UV,3.990321510153308,0.31922572081226464,0
1250.0,1246.0096784898467,C_UV,3.990321510153308,0.31922572081226464,1
1250.0,1246.0096784898467,C_UV,3.990321510153308,0.31922572081226464,2
1250.0,1138.3999701133835,C_UV,111.60002988661654,8.928002390929324,3
1250.0,1246.0096784898467,C_UV,3.990321510153308,0.31922572081226464,4
1250.0,1246.0096784898467,C_UV,3.990321510153308,0.31922572081226464,5
1250.0,1240.0730690103258,C_UV,9.926930989674247,0.7941544791739398,6
1250.0,1104.0159367431945,C_UV,145.98406325680548,11.678725060544439,7
1250.0,1246.0096784898467,C_UV,3.990321510153308,0.31922572081226464,8
1250.0,1246.0096784898467,C_UV,3.990321510153308,0.31922572081226464,9
1250.0,1246.0096784898467,C_UV,3.990321510153308,0.31922572081226464,10
1250.0,1217.315221048265,C_UV,32.6847789517351,2.6147823161388075,11
1250.0,1201.8054245339185,C_UV,48.19457546608146,3.8555660372865166,12
1250.0,1140.819844057139,C_UV,109.18015594286089,8.73441247542887,13
1250.0,1246.0096784898467,C_UV,3.990321510153308,0.31922572081226464,14
1250.0,1144.4494145739054,C_VISG,105.55058542609459,8.444046834087567,0
1250.0,1246.0096784898467,C_VISG,3.990321510153308,0.31922572081226464,1
1250.0,1192.7837495065824,C_VISG,57.21625049341765,4.577300039473411,2
1250.0,1246.0096784898467,C_VISG,3.990321510153308,0.31922572081226464,3
1250.0,1167.089546522737,C_VISG,82.91045347726299,6.632836278181039,4
1250.0,1246.0096784898467,C_VISG,3.990321510153308,0.31922572081226464,5
1250.0,1186.4372074858168,C_VISG,63.56279251418323,5.0850234011346584,6
1250.0,1200.6269473384268,C_VISG,49.37305266157318,3.949844212925855,7
1250.0,1199.9253568255535,C_VISG,50.074643174446464,4.005971453955717,8
1250.0,1246.0096784898467,C_VISG,3.990321510153308,0.31922572081226464,9
1250.0,1246.0096784898467,C_VISG,3.990321510153308,0.31922572081226464,10
1250.0,1240.2630041359594,C_VISG,9.736995864040637,0.7789596691232509,11
1250.0,1246.0096784898467,C_VISG,3.990321510153308,0.31922572081226464,12
1250.0,1235.8629058162037,C_VISG,14.137094183796307,1.1309675347037047,13
1250.0,1204.9056248126365,C_VISG,45.09437518736354,3.607550014989083,14
1250.0,1252.8400691564432,C_VISB,2.840069156443178,0.22720553251545425,0
1250.0,1245.8724841853518,C_VISB,4.127515814648177,0.33020126517185416,1
1250.0,1246.0096784898467,C_VISB,3.990321510153308,0.31922572081226464,2
1250.0,1246.0096784898467,C_VISB,3.990321510153308,0.31922572081226464,3
1250.0,1246.0096784898467,C_VISB,3.990321510153308,0.31922572081226464,4
1250.0,1246.0096784898467,C_VISB,3.990321510153308,0.31922572081226464,5
1250.0,1247.1824461921078,C_VISB,2.817553807892182,0.2254043046313745,6
1250.0,1246.0096784898467,C_VISB,3.990321510153308,0.31922572081226464,7
1250.0,1246.0096784898467,C_VISB,3.990321510153308,0.31922572081226464,8
1250.0,1247.3691090577609,C_VISB,2.630890942239148,0.21047127537913182,9
1250.0,1245.9069994739496,C_VISB,4.093000526050446,0.32744004208403565,10
1250.0,1246.0096784898467,C_VISB,3.990321510153308,0.31922572081226464,11
1250.0,1246.0096784898467,C_VISB,3.990321510153308,0.31922572081226464,12
1250.0,1252.5353064994367,C_VISB,2.5353064994367287,0.20282451995493828,13
1250.0,1246.0096784898467,C_VISB,3.990321510153308,0.31922572081226464,14
1250.0,1246.0096784898467,C_VISR,3.990321510153308,0.31922572081226464,0
1250.0,1251.3864025508904,C_VISR,1.3864025508903524,0.11091220407122818,1
1250.0,1246.0096784898467,C_VISR,3.990321510153308,0.31922572081226464,2
1250.0,1246.9148481609932,C_VISR,3.0851518390068122,0.246812147120545,3
1250.0,1246.0096784898467,C_VISR,3.990321510153308,0.31922572081226464,4
1250.0,1249.3138749816826,C_VISR,0.6861250183173979,0.05489000146539183,5
1250.0,1246.0096784898467,C_VISR,3.990321510153308,0.31922572081226464,6
1250.0,1246.0096784898467,C_VISR,3.990321510153308,0.31922572081226464,7
1250.0,1246.0096784898467,C_VISR,3.990321510153308,0.31922572081226464,8
1250.0,1256.359008523889,C_VISR,6.359008523889088,0.5087206819111271,9
1250.0,1259.0472110026133,C_VISR,9.047211002613267,0.7237768802090614,10
1250.0,1257.9156046679916,C_VISR,7.915604667991602,0.6332483734393282,11
1250.0,1265.3336387041054,C_VISR,15.333638704105397,1.2266910963284317,12
1250.0,1246.0096784898467,C_VISR,3.990321510153308,0.31922572081226464,13
1250.0,1246.0096784898467,C_VISR,3.990321510153308,0.31922572081226464,14
1500.0,1362.5734164092405,P_IR1,137.4265835907595,9.161772239383966,0
1500.0,1447.6670599907034,P_IR1,52.332940009296635,3.4888626672864422,1
1500.0,1351.0384023828472,P_IR1,148.96159761715285,9.930773174476856,2
1500.0,1440.7599637253809,P_IR1,59.240036274619115,3.9493357516412746,3
1500.0,1402.6900942058335,P_IR1,97.30990579416653,6.487327052944434,4
1500.0,1469.684278115772,P_IR1,30.31572188422797,2.021048125615198,5
1500.0,1469.684278115772,P_IR1,30.31572188422797,2.021048125615198,6
1500.0,1340.041046259182,P_IR1,159.95895374081806,10.663930249387871,7
1500.0,1469.684278115772,P_IR1,30.31572188422797,2.021048125615198,8
1500.0,1444.970759842827,P_IR1,55.029240157173035,3.6686160104782024,9
1500.0,1407.3856042240313,P_IR1,92.61439577596866,6.174293051731244,10
1500.0,1469.684278115772,P_IR1,30.31572188422797,2.021048125615198,11
1500.0,1448.8899721868336,P_IR1,51.110027813166425,3.407335187544428,12
1500.0,1469.684278115772,P_IR1,30.31572188422797,2.021048125615198,13
1500.0,1469.684278115772,P_IR1,30.31572188422797,2.021048125615198,14
1500.0,1458.2489748112123,P_IR1xP,41.75102518878771,2.783401679252514,0
1500.0,1401.2499931016032,P_IR1xP,98.7500068983968,6.583333793226453,1
1500.0,1438.6325991277283,P_IR1xP,61.36740087227167,4.091160058151445,2
1500.0,1516.7408941786741,P_IR1xP,16.740894178674125,1.1160596119116084,3
1500.0,1474.5111218434258,P_IR1xP,25.488878156574174,1.6992585437716115,4
1500.0,1417.8872563358386,P_IR1xP,82.11274366416137,5.474182910944092,5
1500.0,1524.5518337811939,P_IR1xP,24.551833781193864,1.6367889187462576,6
1500.0,1540.1521720725145,P_IR1xP,40.15217207251453,2.6768114715009688,7
1500.0,1500.1208107525056,P_IR1xP,0.1208107525055766,0.00805405016703844,8
1500.0,1406.5887423091865,P_IR1xP,93.4112576908135,6.227417179387567,9
1500.0,1558.2895393910285,P_IR1xP,58.289539391028484,3.8859692927352323,10
1500.0,1372.786111682997,P_IR1xP,127.21388831700301,8.4809258878002,11
1500.0,1470.113054943189,P_IR1xP,29.8869450568111,1.9924630037874067,12
1500.0,1488.079374673823,P_IR1xP,11.92062532617706,0.7947083550784707,13
1500.0,1487.3147140338604,P_IR1xP,12.685285966139645,0.8456857310759763,14
1500.0,1370.5473353652133,P_IR2,129.45266463478674,8.630177642319117,0
1500.0,1502.9357765678703,P_IR2,2.9357765678703345,0.1957184378580223,1
1500.0,1368.2769650003281,P_IR2,131.72303499967188,8.781535666644793,2
1500.0,1266.5081168403876,P_IR2,233.49188315961237,15.566125543974158,3
1500.0,1558.1053405869616,P_IR2,58.105340586961574,3.873689372464105,4
1500.0,1441.6619998727854,P_IR2,58.33800012721463,3.8892000084809752,5
1500.0,1295.1012971532084,P_IR2,204.8987028467916,13.65991352311944,6
1500.0,1676.3510287136426,P_IR2,176.35102871364256,11.75673524757617,7
1500.0,1242.9192850674933,P_IR2,257.0807149325067,17.138714328833778,8
1500.0,1581.5485722317235,P_IR2,81.54857223172348,5.436571482114899,9
1500.0,1675.184409012751,P_IR2,175.18440901275108,11.678960600850072,10
1500.0,1457.169458300023,P_IR2,42.83054169997695,2.85536944666513,11
1500.0,1448.113538424278,P_IR2,51.886461575722024,3.4590974383814683,12
1500.0,1843.7479596851385,P_IR2,343.74795968513854,22.916530645675902,13
1500.0,1391.6070332590684,P_IR2,108.39296674093157,7.226197782728772,14
1500.0,1471.9166774080838,P_UV,28.083322591916158,1.8722215061277439,0
1500.0,1469.684278115772,P_UV,30.31572188422797,2.021048125615198,1
1500.0,1455.3424480289432,P_UV,44.65755197105682,2.977170131403788,2
1500.0,1471.6908297367518,P_UV,28.309170263248234,1.8872780175498822,3
1500.0,1469.684278115772,P_UV,30.31572188422797,2.021048125615198,4
1500.0,1472.3341404019131,P_UV,27.665859598086854,1.844390639872457,5
1500.0,1469.684278115772,P_UV,30.31572188422797,2.021048125615198,6
1500.0,1469.684278115772,P_UV,30.31572188422797,2.021048125615198,7
1500.0,1469.684278115772,P_UV,30.31572188422797,2.021048125615198,8
1500.0,1471.5530001131094,P_UV,28.44699988689058,1.8964666591260386,9
1500.0,1464.8117072488515,P_UV,35.18829275114854,2.3458861834099025,10
1500.0,1472.543318983275,P_UV,27.456681016725042,1.8304454011150026,11
1500.0,1465.1063582784568,P_UV,34.89364172154319,2.3262427814362128,12
1500.0,1469.684278115772,P_UV,30.31572188422797,2.021048125615198,13
1500.0,1469.684278115772,P_UV,30.31572188422797,2.021048125615198,14
1500.0,1469.684278115772,C_UV,30.31572188422797,2.021048125615198,0
1500.0,1469.684278115772,C_UV,30.31572188422797,2.021048125615198,1
1500.0,1347.8759410081261,C_UV,152.12405899187388,10.141603932791591,2
1500.0,1469.684278115772,C_UV,30.31572188422797,2.021048125615198,3
1500.0,1272.2886558669643,C_UV,227.7113441330357,15.180756275535714,4
1500.0,1469.684278115772,C_UV,30.31572188422797,2.021048125615198,5
1500.0,1437.3531592143797,C_UV,62.64684078562027,4.176456052374684,6
1500.0,1469.684278115772,C_UV,30.31572188422797,2.021048125615198,7
1500.0,1449.3398126035938,C_UV,50.66018739640617,3.3773458264270784,8
1500.0,1469.684278115772,C_UV,30.31572188422797,2.021048125615198,9
1500.0,1212.713694538055,C_UV,287.28630546194495,19.152420364129664,10
1500.0,1233.0365901135633,C_UV,266.9634098864367,17.79756065909578,11
1500.0,1330.7272399444869,C_UV,169.27276005551312,11.284850670367542,12
1500.0,1286.374007271786,C_UV,213.625992728214,14.241732848547601,13
1500.0,1469.684278115772,C_UV,30.31572188422797,2.021048125615198,14
1500.0,1469.684278115772,C_VISG,30.31572188422797,2.021048125615198,0
1500.0,1469.684278115772,C_VISG,30.31572188422797,2.021048125615198,1
1500.0,1469.684278115772,C_VISG,30.31572188422797,2.021048125615198,2
1500.0,1469.684278115772,C_VISG,30.31572188422797,2.021048125615198,3
1500.0,1456.7265921944581,C_VISG,43.273407805541865,2.884893853702791,4
1500.0,1469.684278115772,C_VISG,30.31572188422797,2.021048125615198,5
1500.0,1358.0307575685074,C_VISG,141.9692424314926,9.464616162099507,6
1500.0,1469.684278115772,C_VISG,30.31572188422797,2.021048125615198,7
1500.0,1425.1398956108399,C_VISG,74.86010438916014,4.99067362594401,8
1500.0,1420.8612295400067,C_VISG,79.13877045999334,5.275918030666222,9
1500.0,1469.684278115772,C_VISG,30.31572188422797,2.021048125615198,10
1500.0,1412.1236256391778,C_VISG,87.87637436082218,5.858424957388145,11
1500.0,1463.0636794826198,C_VISG,36.93632051738018,2.4624213678253457,12
1500.0,1363.8636456724284,C_VISG,136.13635432757155,9.075756955171437,13
1500.0,1403.249099479203,C_VISG,96.7509005207969,6.450060034719794,14
1500.0,1467.1096400177678,C_VISB,32.89035998223221,2.1926906654821474,0
1500.0,1457.7975922204982,C_VISB,42.202407779501755,2.8134938519667836,1
1500.0,1465.7429997143329,C_VISB,34.25700028566712,2.2838000190444743,2
1500.0,1469.684278115772,C_VISB,30.31572188422797,2.021048125615198,3
1500.0,1468.5650991341079,C_VISB,31.434900865892132,2.095660057726142,4
1500.0,1469.684278115772,C_VISB,30.31572188422797,2.021048125615198,5
1500.0,1469.684278115772,C_VISB,30.31572188422797,2.021048125615198,6
1500.0,1467.5132347305591,C_VISB,32.486765269440866,2.1657843512960575,7
1500.0,1469.684278115772,C_VISB,30.31572188422797,2.021048125615198,8
1500.0,1457.5926487084942,C_VISB,42.40735129150585,2.8271567527670562,9
1500.0,1464.1425812484074,C_VISB,35.857418751592604,2.3904945834395073,10
1500.0,1469.684278115772,C_VISB,30.31572188422797,2.021048125615198,11
1500.0,1469.684278115772,C_VISB,30.31572188422797,2.021048125615198,12
1500.0,1469.684278115772,C_VISB,30.31572188422797,2.021048125615198,13
1500.0,1459.5008522459007,C_VISB,40.49914775409934,2.6999431836066226,14
1500.0,1469.684278115772,C_VISR,30.31572188422797,2.021048125615198,0
1500.0,1469.684278115772,C_VISR,30.31572188422797,2.021048125615198,1
1500.0,1469.684278115772,C_VISR,30.31572188422797,2.021048125615198,2
1500.0,1469.684278115772,C_VISR,30.31572188422797,2.021048125615198,3
1500.0,1473.4792011492125,C_VISR,26.520798850787514,1.7680532567191678,4
1500.0,1469.684278115772,C_VISR,30.31572188422797,2.021048125615198,5
1500.0,1469.684278115772,C_VISR,30.31572188422797,2.021048125615198,6
1500.0,1469.684278115772,C_VISR,30.31572188422797,2.021048125615198,7
1500.0,1481.618850368309,C_VISR,18.38114963169096,1.225409975446064,8
1500.0,1469.684278115772,C_VISR,30.31572188422797,2.021048125615198,9
1500.0,1470.2965224550271,C_VISR,29.703477544972884,1.9802318363315257,10
1500.0,1469.684278115772,C_VISR,30.31572188422797,2.021048125615198,11
1500.0,1469.684278115772,C_VISR,30.31572188422797,2.021048125615198,12
1500.0,1469.684278115772,C_VISR,30.31572188422797,2.021048125615198,13
1500.0,1478.0069908851315,C_VISR,21.993009114868528,1.466200607657902,14
1750.0,1858.6862697921747,P_IR1,108.6862697921747,6.210643988124268,0
1750.0,1823.055041758596,P_IR1,73.05504175859596,4.174573814776912,1
1750.0,1771.696619103328,P_IR1,21.696619103327976,1.2398068059044558,2
1750.0,1740.1081234351898,P_IR1,9.891876564810218,0.5652500894177267,3
1750.0,1735.850641355762,P_IR1,14.149358644237964,0.8085347796707408,4
1750.0,1858.6862697921747,P_IR1,108.6862697921747,6.210643988124268,5
1750.0,1858.6862697921747,P_IR1,108.6862697921747,6.210643988124268,6
1750.0,1858.6862697921747,P_IR1,108.6862697921747,6.210643988124268,7
1750.0,1819.0041619160313,P_IR1,69.00416191603131,3.94309496663036,8
1750.0,1858.6862697921747,P_IR1,108.6862697921747,6.210643988124268,9
1750.0,1802.4637120034993,P_IR1,52.46371200349927,2.997926400199958,10
1750.0,1804.9914570708152,P_IR1,54.99145707081516,3.1423689754751516,11
1750.0,1858.6862697921747,P_IR1,108.6862697921747,6.210643988124268,12
1750.0,1837.4274733993739,P_IR1,87.42747339937387,4.995855622821364,13
1750.0,1858.6862697921747,P_IR1,108.6862697921747,6.210643988124268,14
1750.0,1887.341331801828,P_IR1xP,137.3413318018279,7.848076102961595,0
1750.0,2058.738395887433,P_IR1xP,308.73839588743294,17.642194050710454,1
1750.0,1883.6401328682146,P_IR1xP,133.64013286821455,7.6365790210408315,2
1750.0,1899.4368525090595,P_IR1xP,149.43685250905946,8.539248714803398,3
1750.0,1935.3027459261673,P_IR1xP,185.3027459261673,10.58872833863813,4
1750.0,1925.5119104418889,P_IR1xP,175.51191044188886,10.029252025250791,5
1750.0,1871.6300332171704,P_IR1xP,121.63003321717042,6.950287612409739,6
1750.0,1902.485125446892,P_IR1xP,152.48512544689197,8.713435739822398,7
1750.0,1864.0069446614375,P_IR1xP,114.0069446614375,6.514682552082143,8
1750.0,1895.3815410095156,P_IR1xP,145.38154100951556,8.307516629115174,9
1750.0,1860.62422039024,P_IR1xP,110.62422039024,6.321384022299428,10
1750.0,1995.0272950575472,P_IR1xP,245.02729505754724,14.001559717574127,11
1750.0,2077.8339912659067,P_IR1xP,327.83399126590666,18.73337092948038,12
1750.0,1905.9684543341239,P_IR1xP,155.96845433412386,8.912483104807079,13
1750.0,1907.8403509363914,P_IR1xP,157.84035093639136,9.019448624936649,14
1750.0,1963.237973853222,P_IR2,213.237973853222,12.185027077326971,0
1750.0,1963.237973853222,P_IR2,213.237973853222,12.185027077326971,1
1750.0,1853.496797759608,P_IR2,103.49679775960794,5.9141027291204535,2
1750.0,1963.237973853222,P_IR2,213.237973853222,12.185027077326971,3
1750.0,1857.5154882666577,P_IR2,107.51548826665771,6.143742186666155,4
1750.0,1963.237973853222,P_IR2,213.237973853222,12.185027077326971,5
1750.0,1963.237973853222,P_IR2,213.237973853222,12.185027077326971,6
1750.0,1963.237973853222,P_IR2,213.237973853222,12.185027077326971,7
1750.0,1858.5939908731732,P_IR2,108.5939908731732,6.205370907038469,8
1750.0,1857.1720638248519,P_IR2,107.17206382485188,6.124117932848678,9
1750.0,1963.237973853222,P_IR2,213.237973853222,12.185027077326971,10
1750.0,1859.1796375389272,P_IR2,109.17963753892718,6.238836430795839,11
1750.0,1860.2612592050982,P_IR2,110.26125920509821,6.3006433831484685,12
1750.0,1857.984839568072,P_IR2,107.98483956807195,6.170562261032683,13
1750.0,1963.237973853222,P_IR2,213.237973853222,12.185027077326971,14
1750.0,1858.6862697921747,P_UV,108.6862697921747,6.210643988124268,0
1750.0,1858.6862697921747,P_UV,108.6862697921747,6.210643988124268,1
1750.0,1927.820915251168,P_UV,177.8209152511679,10.161195157209594,2
1750.0,1863.5971350815778,P_UV,113.59713508157779,6.491264861804445,3
1750.0,1858.6862697921747,P_UV,108.6862697921747,6.210643988124268,4
1750.0,1858.6862697921747,P_UV,108.6862697921747,6.210643988124268,5
1750.0,1940.3843879237024,P_UV,190.38438792370243,10.879107881354425,6
1750.0,1930.205058767601,P_UV,180.20505876760103,10.2974319295772,7
1750.0,1858.6862697921747,P_UV,108.6862697921747,6.210643988124268,8
1750.0,1896.4415350482159,P_UV,146.44153504821588,8.368087717040908,9
1750.0,1858.6862697921747,P_UV,108.6862697921747,6.210643988124268,10
1750.0,1858.6862697921747,P_UV,108.6862697921747,6.210643988124268,11
1750.0,1918.3302169764627,P_UV,168.33021697646268,9.618869541512153,12
1750.0,1858.6862697921747,P_UV,108.6862697921747,6.210643988124268,13
1750.0,1886.2468413251913,P_UV,136.24684132519133,7.785533790010933,14
1750.0,1768.8286997417465,C_UV,18.828699741746505,1.0759256995283717,0
1750.0,1840.9484272354564,C_UV,90.94842723545639,5.197052984883222,1
1750.0,1858.6862697921747,C_UV,108.6862697921747,6.210643988124268,2
1750.0,1858.6862697921747,C_UV,108.6862697921747,6.210643988124268,3
1750.0,1858.6862697921747,C_UV,108.6862697921747,6.210643988124268,4
1750.0,1823.8784168653192,C_UV,73.8784168653192,4.221623820875382,5
1750.0,1858.6862697921747,C_UV,108.6862697921747,6.210643988124268,6
1750.0,1651.5387702378334,C_UV,98.46122976216657,5.626355986409518,7
1750.0,1858.6862697921747,C_UV,108.6862697921747,6.210643988124268,8
1750.0,1858.6862697921747,C_UV,108.6862697921747,6.210643988124268,9
1750.0,1427.4905295077174,C_UV,322.5094704922826,18.429112599559005,10
1750.0,1858.6862697921747,C_UV,108.6862697921747,6.210643988124268,11
1750.0,1537.3364496443862,C_UV,212.66355035561378,12.152202877463644,12
1750.0,1783.1668270802568,C_UV,33.16682708025678,1.8952472617289589,13
1750.0,1858.6862697921747,C_UV,108.6862697921747,6.210643988124268,14
1750.0,1821.3024350436663,C_VISG,71.30243504366626,4.074424859638072,0
1750.0,1849.5478193400238,C_VISG,99.5478193400238,5.688446819429932,1
1750.0,1858.6862697921747,C_VISG,108.6862697921747,6.210643988124268,2
1750.0,1773.5217930868369,C_VISG,23.52179308683685,1.3441024621049629,3
1750.0,1858.6862697921747,C_VISG,108.6862697921747,6.210643988124268,4
1750.0,1858.6862697921747,C_VISG,108.6862697921747,6.210643988124268,5
1750.0,1831.8558984562294,C_VISG,81.8558984562294,4.677479911784537,6
1750.0,1858.6862697921747,C_VISG,108.6862697921747,6.210643988124268,7
1750.0,1792.8482532296018,C_VISG,42.84825322960182,2.4484716131201045,8
1750.0,1858.6862697921747,C_VISG,108.6862697921747,6.210643988124268,9
1750.0,1755.6967776936342,C_VISG,5.696777693634203,0.3255301539219545,10
1750.0,1777.3567691859273,C_VISG,27.356769185927305,1.5632439534815603,11
1750.0,1858.6862697921747,C_VISG,108.6862697921747,6.210643988124268,12
1750.0,1858.6862697921747,C_VISG,108.6862697921747,6.210643988124268,13
1750.0,1858.6862697921747,C_VISG,108.6862697921747,6.210643988124268,14
1750.0,1858.6862697921747,C_VISB,108.6862697921747,6.210643988124268,0
1750.0,1845.8932705971902,C_VISB,95.89327059719017,5.479615462696581,1
1750.0,1852.2248642141756,C_VISB,102.22486421417557,5.841420812238604,2
1750.0,1858.6862697921747,C_VISB,108.6862697921747,6.210643988124268,3
1750.0,1858.6862697921747,C_VISB,108.6862697921747,6.210643988124268,4
1750.0,1855.2854792954395,C_VISB,105.28547929543947,6.016313102596541,5
1750.0,1858.6862697921747,C_VISB,108.6862697921747,6.210643988124268,6
1750.0,1858.6862697921747,C_VISB,108.6862697921747,6.210643988124268,7
1750.0,1858.6862697921747,C_VISB,108.6862697921747,6.210643988124268,8
1750.0,1849.1412537062454,C_VISB,99.14125370624538,5.665214497499736,9
1750.0,1858.6862697921747,C_VISB,108.6862697921747,6.210643988124268,10
1750.0,1848.2505366842008,C_VISB,98.25053668420082,5.614316381954333,11
1750.0,1858.6862697921747,C_VISB,108.6862697921747,6.210643988124268,12
1750.0,1841.7226552766413,C_VISB,91.72265527664126,5.241294587236644,13
1750.0,1829.2316689550964,C_VISB,79.23166895509644,4.527523940291225,14
1750.0,1858.6862697921747,C_VISR,108.6862697921747,6.210643988124268,0
1750.0,1858.6862697921747,C_VISR,108.6862697921747,6.210643988124268,1
1750.0,1858.6862697921747,C_VISR,108.6862697921747,6.210643988124268,2
1750.0,1858.6862697921747,C_VISR,108.6862697921747,6.210643988124268,3
1750.0,1858.6862697921747,C_VISR,108.6862697921747,6.210643988124268,4
1750.0,1927.1202441656226,C_VISR,177.12024416562258,10.121156809464148,5
1750.0,1883.2873196987885,C_VISR,133.28731969878845,7.616418268502197,6
1750.0,1913.2592679416136,C_VISR,163.25926794161364,9.329101025235065,7
1750.0,1858.6862697921747,C_VISR,108.6862697921747,6.210643988124268,8
1750.0,1933.4486775964424,C_VISR,183.4486775964424,10.482781576939566,9
1750.0,1929.0276636866126,C_VISR,179.02766368661264,10.23015221066358,10
1750.0,1858.6862697921747,C_VISR,108.6862697921747,6.210643988124268,11
1750.0,1904.884132048366,C_VISR,154.88413204836593,8.850521831335195,12
1750.0,1858.6862697921747,C_VISR,108.6862697921747,6.210643988124268,13
1750.0,1888.5622716586292,C_VISR,138.56227165862924,7.917844094778815,14
2000.0,1847.1003241664464,P_IR1,152.8996758335536,7.64498379167768,0
2000.0,1953.049763800711,P_IR1,46.950236199289066,2.347511809964453,1
2000.0,1953.049763800711,P_IR1,46.950236199289066,2.347511809964453,2
2000.0,1953.049763800711,P_IR1,46.950236199289066,2.347511809964453,3
2000.0,1896.1211791449277,P_IR1,103.87882085507226,5.193941042753613,4
2000.0,1953.049763800711,P_IR1,46.950236199289066,2.347511809964453,5
2000.0,1948.319262289726,P_IR1,51.68073771027389,2.584036885513694,6
2000.0,1953.049763800711,P_IR1,46.950236199289066,2.347511809964453,7
2000.0,1953.049763800711,P_IR1,46.950236199289066,2.347511809964453,8
2000.0,1874.8929418597352,P_IR1,125.10705814026483,6.255352907013241,9
2000.0,1953.049763800711,P_IR1,46.950236199289066,2.347511809964453,10
2000.0,1944.7545818030228,P_IR1,55.2454181969772,2.76227090984886,11
2000.0,1953.049763800711,P_IR1,46.950236199289066,2.347511809964453,12
2000.0,1953.049763800711,P_IR1,46.950236199289066,2.347511809964453,13
2000.0,1854.7988182485426,P_IR1,145.2011817514574,7.260059087572871,14
2000.0,1964.6436145631776,P_IR1xP,35.35638543682239,1.7678192718411196,0
2000.0,1979.743095393314,P_IR1xP,20.25690460668602,1.012845230334301,1
2000.0,1981.702611719181,P_IR1xP,18.29738828081895,0.9148694140409475,2
2000.0,1980.8802999822462,P_IR1xP,19.119700017753757,0.9559850008876878,3
2000.0,1967.2953338073019,P_IR1xP,32.70466619269814,1.6352333096349072,4
2000.0,1978.2148930338396,P_IR1xP,21.785106966160356,1.0892553483080178,5
2000.0,1966.3375364793012,P_IR1xP,33.66246352069879,1.6831231760349397,6
2000.0,1912.6111040706908,P_IR1xP,87.38889592930923,4.369444796465462,7
2000.0,1934.8950414629255,P_IR1xP,65.10495853707448,3.255247926853724,8
2000.0,1990.2604067521847,P_IR1xP,9.739593247815264,0.48697966239076323,9
2000.0,1967.7389216191837,P_IR1xP,32.26107838081634,1.613053919040817,10
2000.0,2034.889902621882,P_IR1xP,34.8899026218819,1.744495131094095,11
2000.0,1987.9826419784224,P_IR1xP,12.017358021577593,0.6008679010788797,12
2000.0,1910.9686188126425,P_IR1xP,89.03138118735751,4.451569059367875,13
2000.0,1930.883448158633,P_IR1xP,69.11655184136703,3.4558275920683514,14
2000.0,1953.049763800711,P_IR2,46.950236199289066,2.347511809964453,0
2000.0,1953.049763800711,P_IR2,46.950236199289066,2.347511809964453,1
2000.0,1953.111721901578,P_IR2,46.888278098422006,2.3444139049211,2
2000.0,1939.7448050060557,P_IR2,60.255194993944315,3.012759749697216,3
2000.0,1953.049763800711,P_IR2,46.950236199289066,2.347511809964453,4
2000.0,1953.049763800711,P_IR2,46.950236199289066,2.347511809964453,5
2000.0,1953.1243112958205,P_IR2,46.87568870417954,2.343784435208977,6
2000.0,1953.049763800711,P_IR2,46.950236199289066,2.347511809964453,7
2000.0,1953.049763800711,P_IR2,46.950236199289066,2.347511809964453,8
2000.0,1953.5986067424342,P_IR2,46.401393257565815,2.3200696628782906,9
2000.0,1949.6367627717807,P_IR2,50.363237228219305,2.5181618614109653,10
2000.0,1953.1105480906845,P_IR2,46.88945190931554,2.344472595465777,11
2000.0,1953.049763800711,P_IR2,46.950236199289066,2.347511809964453,12
2000.0,1944.7876833314388,P_IR2,55.21231666856124,2.760615833428062,13
2000.0,1953.2485504132862,P_IR2,46.75144958671376,2.3375724793356882,14
2000.0,1953.049763800711,P_UV,46.950236199289066,2.347511809964453,0
2000.0,1950.0474008453784,P_UV,49.952599154621566,2.4976299577310783,1
2000.0,1953.049763800711,P_UV,46.950236199289066,2.347511809964453,2
2000.0,1953.049763800711,P_UV,46.950236199289066,2.347511809964453,3
2000.0,1953.049763800711,P_UV,46.950236199289066,2.347511809964453,4
2000.0,1952.0602723784318,P_UV,47.93972762156818,2.396986381078409,5
2000.0,1953.049763800711,P_UV,46.950236199289066,2.347511809964453,6
2000.0,1953.049763800711,P_UV,46.950236199289066,2.347511809964453,7
2000.0,1953.049763800711,P_UV,46.950236199289066,2.347511809964453,8
2000.0,1951.1895068254705,P_UV,48.81049317452948,2.440524658726474,9
2000.0,1952.6049922185186,P_UV,47.395007781481354,2.369750389074068,10
2000.0,1946.8890523868413,P_UV,53.110947613158714,2.6555473806579357,11
2000.0,1950.5575271293515,P_UV,49.442472870648544,2.472123643532427,12
2000.0,1931.6764220366042,P_UV,68.32357796339579,3.4161788981697896,13
2000.0,1953.049763800711,P_UV,46.950236199289066,2.347511809964453,14
2000.0,1886.9050283705667,C_UV,113.0949716294333,5.654748581471665,0
2000.0,1942.7861738525928,C_UV,57.21382614740719,2.8606913073703595,1
2000.0,1705.2847362594048,C_UV,294.7152637405952,14.735763187029761,2
2000.0,1945.4923555855642,C_UV,54.507644414435845,2.7253822207217926,3
2000.0,1889.7521018135908,C_UV,110.2478981864092,5.51239490932046,4
2000.0,1953.049763800711,C_UV,46.950236199289066,2.347511809964453,5
2000.0,1678.8253038017544,C_UV,321.17469619824556,16.058734809912277,6
2000.0,1469.3737381319152,C_UV,530.6262618680848,26.53131309340424,7
2000.0,1828.4060912231166,C_UV,171.59390877688338,8.579695438844169,8
2000.0,1701.7096202407338,C_UV,298.2903797592662,14.91451898796331,9
2000.0,1953.049763800711,C_UV,46.950236199289066,2.347511809964453,10
2000.0,1953.049763800711,C_UV,46.950236199289066,2.347511809964453,11
2000.0,1953.049763800711,C_UV,46.950236199289066,2.347511809964453,12
2000.0,1953.049763800711,C_UV,46.950236199289066,2.347511809964453,13
2000.0,1953.049763800711,C_UV,46.950236199289066,2.347511809964453,14
2000.0,1953.049763800711,C_VISG,46.950236199289066,2.347511809964453,0
2000.0,1953.049763800711,C_VISG,46.950236199289066,2.347511809964453,1
2000.0,1953.049763800711,C_VISG,46.950236199289066,2.347511809964453,2
2000.0,1904.4162067625002,C_VISG,95.58379323749978,4.779189661874988,3
2000.0,1953.049763800711,C_VISG,46.950236199289066,2.347511809964453,4
2000.0,1953.049763800711,C_VISG,46.950236199289066,2.347511809964453,5
2000.0,1901.157990698089,C_VISG,98.84200930191105,4.942100465095552,6
2000.0,1944.2995437366658,C_VISG,55.70045626333422,2.785022813166711,7
2000.0,1929.0110362805422,C_VISG,70.98896371945784,3.549448185972892,8
2000.0,1953.049763800711,C_VISG,46.950236199289066,2.347511809964453,9
2000.0,1953.049763800711,C_VISG,46.950236199289066,2.347511809964453,10
2000.0,1953.049763800711,C_VISG,46.950236199289066,2.347511809964453,11
2000.0,1900.2132741068033,C_VISG,99.78672589319672,4.989336294659836,12
2000.0,1953.049763800711,C_VISG,46.950236199289066,2.347511809964453,13
2000.0,1833.399488871582,C_VISG,166.60051112841802,8.330025556420901,14
2000.0,1947.567245867944,C_VISB,52.43275413205606,2.6216377066028027,0
2000.0,1953.049763800711,C_VISB,46.950236199289066,2.347511809964453,1
2000.0,1953.049763800711,C_VISB,46.950236199289066,2.347511809964453,2
2000.0,1939.990385510187,C_VISB,60.009614489812975,3.000480724490649,3
2000.0,1929.6628912843642,C_VISB,70.33710871563585,3.5168554357817925,4
2000.0,1953.049763800711,C_VISB,46.950236199289066,2.347511809964453,5
2000.0,1935.736577468908,C_VISB,64.26342253109192,3.213171126554596,6
2000.0,1944.3438434675156,C_VISB,55.656156532484374,2.782807826624219,7
2000.0,1942.2396037948174,C_VISB,57.76039620518259,2.888019810259129,8
2000.0,1953.049763800711,C_VISB,46.950236199289066,2.347511809964453,9
2000.0,1934.0426697878422,C_VISB,65.95733021215779,3.2978665106078893,10
2000.0,1950.7518525979553,C_VISB,49.24814740204465,2.4624073701022327,11
2000.0,1953.049763800711,C_VISB,46.950236199289066,2.347511809964453,12
2000.0,1953.049763800711,C_VISB,46.950236199289066,2.347511809964453,13
2000.0,1935.7616094799234,C_VISB,64.23839052007656,3.211919526003828,14
2000.0,2010.1350670989823,C_VISR,10.13506709898229,0.5067533549491146,0
2000.0,1981.968295239046,C_VISR,18.03170476095397,0.9015852380476986,1
2000.0,1953.049763800711,C_VISR,46.950236199289066,2.347511809964453,2
2000.0,1961.835640185575,C_VISR,38.1643598144251,1.9082179907212549,3
2000.0,1953.049763800711,C_VISR,46.950236199289066,2.347511809964453,4
2000.0,2043.3884246035514,C_VISR,43.38842460355136,2.169421230177568,5
2000.0,1953.049763800711,C_VISR,46.950236199289066,2.347511809964453,6
2000.0,1953.049763800711,C_VISR,46.950236199289066,2.347511809964453,7
2000.0,1953.049763800711,C_VISR,46.950236199289066,2.347511809964453,8
2000.0,1994.034327191907,C_VISR,5.965672808092904,0.2982836404046452,9
2000.0,1971.6477679943018,C_VISR,28.35223200569817,1.4176116002849084,10
2000.0,1953.049763800711,C_VISR,46.950236199289066,2.347511809964453,11
2000.0,2011.9340580318053,C_VISR,11.934058031805307,0.5967029015902654,12
2000.0,1953.049763800711,C_VISR,46.950236199289066,2.347511809964453,13
2000.0,1957.079381888425,C_VISR,42.920618111575095,2.1460309055787548,14
2250.0,2131.5837160945202,P_IR1,118.41628390547976,5.262945951354657,0
2250.0,1957.490566669309,P_IR1,292.5094333306911,13.000419259141827,1
2250.0,2132.6913717777707,P_IR1,117.30862822222934,5.21371680987686,2
2250.0,2132.6913717777707,P_IR1,117.30862822222934,5.21371680987686,3
2250.0,2132.6913717777707,P_IR1,117.30862822222934,5.21371680987686,4
2250.0,2132.6913717777707,P_IR1,117.30862822222934,5.21371680987686,5
2250.0,2020.4196587124811,P_IR1,229.58034128751888,10.203570723889728,6
2250.0,1932.5373316244834,P_IR1,317.4626683755166,14.10945192780074,7
2250.0,2132.6913717777707,P_IR1,117.30862822222934,5.21371680987686,8
2250.0,1955.6048727716363,P_IR1,294.39512722836366,13.084227876816163,9
2250.0,2058.727705688342,P_IR1,191.2722943116578,8.500990858295902,10
2250.0,1859.2944321952061,P_IR1,390.7055678047939,17.364691902435283,11
2250.0,2124.187806498184,P_IR1,125.81219350181618,5.591653044525163,12
2250.0,2132.6913717777707,P_IR1,117.30862822222934,5.21371680987686,13
2250.0,2132.6913717777707,P_IR1,117.30862822222934,5.21371680987686,14
2250.0,2169.452283637214,P_IR1xP,80.5477163627861,3.5798985050127157,0
2250.0,2064.4658125605506,P_IR1xP,185.5341874394494,8.245963886197751,1
2250.0,2097.501488538829,P_IR1xP,152.4985114611709,6.777711620496484,2
2250.0,2212.5731735000722,P_IR1xP,37.426826499927756,1.6634145111079004,3
2250.0,2219.7629719512665,P_IR1xP,30.237028048733464,1.3438679132770428,4
2250.0,2225.6146371591185,P_IR1xP,24.3853628408815,1.0837939040391775,5
2250.0,1976.352065124602,P_IR1xP,273.64793487539805,12.16213043890658,6
2250.0,2087.9204618072445,P_IR1xP,162.07953819275554,7.203535030789135,7
2250.0,2212.528210352908,P_IR1xP,37.47178964709201,1.6654128732040894,8
2250.0,1918.6220117902524,P_IR1xP,331.3779882097476,14.727910587099894,9
2250.0,2041.934769137505,P_IR1xP,208.0652308624949,9.247343593888663,10
2250.0,2072.5625073505753,P_IR1xP,177.4374926494247,7.886110784418876,11
2250.0,2225.0300636666652,P_IR1xP,24.969936333334772,1.109774948148212,12
2250.0,2026.9823662536317,P_IR1xP,223.01763374636835,9.911894833171926,13
2250.0,2209.663742767653,P_IR1xP,40.33625723234718,1.7927225436598744,14
2250.0,2132.6913717777707,P_IR2,117.30862822222934,5.21371680987686,0
2250.0,1800.8538448772517,P_IR2,449.14615512274827,19.96205133878881,1
2250.0,1808.0934559468253,P_IR2,441.9065440531747,19.640290846807765,2
2250.0,1801.1336061633044,P_IR2,448.8663938366956,19.949617503853137,3
2250.0,1801.6075219930106,P_IR2,448.39247800698945,19.92855457808842,4
2250.0,1805.479216204083,P_IR2,444.52078379591694,19.75647927981853,5
2250.0,1800.6685396101764,P_IR2,449.33146038982363,19.970287128436606,6
2250.0,1834.6399416019879,P_IR2,415.36005839801214,18.46044703991165,7
2250.0,2132.6913717777707,P_IR2,117.30862822222934,5.21371680987686,8
2250.0,2132.6913717777707,P_IR2,117.30862822222934,5.21371680987686,9
2250.0,2132.6913717777707,P_IR2,117.30862822222934,5.21371680987686,10
2250.0,2132.6913717777707,P_IR2,117.30862822222934,5.21371680987686,11
2250.0,2132.6913717777707,P_IR2,117.30862822222934,5.21371680987686,12
2250.0,2132.6913717777707,P_IR2,117.30862822222934,5.21371680987686,13
2250.0,1800.874940999083,P_IR2,449.12505900091696,19.961113733374088,14
2250.0,2132.6913717777707,P_UV,117.30862822222934,5.21371680987686,0
2250.0,2201.123635246315,P_UV,48.87636475368481,2.172282877941547,1
2250.0,2132.6913717777707,P_UV,117.30862822222934,5.21371680987686,2
2250.0,2132.6913717777707,P_UV,117.30862822222934,5.21371680987686,3
2250.0,2175.1395984138726,P_UV,74.86040158612741,3.32712895938344,4
2250.0,2132.6913717777707,P_UV,117.30862822222934,5.21371680987686,5
2250.0,2152.217505941153,P_UV,97.78249405884708,4.345888624837648,6
2250.0,2132.6913717777707,P_UV,117.30862822222934,5.21371680987686,7
2250.0,2199.8070434642027,P_UV,50.19295653579729,2.2307980682576574,8
2250.0,2132.6913717777707,P_UV,117.30862822222934,5.21371680987686,9
2250.0,2173.2825629956783,P_UV,76.71743700432171,3.4096638668587427,10
2250.0,2132.6913717777707,P_UV,117.30862822222934,5.21371680987686,11
2250.0,2144.905355357829,P_UV,105.0946446421708,4.670873095207591,12
2250.0,2132.6913717777707,P_UV,117.30862822222934,5.21371680987686,13
2250.0,2204.87006414981,P_UV,45.12993585019012,2.005774926675117,14
2250.0,2067.2890748800946,C_UV,182.71092511990537,8.120485560884683,0
2250.0,2132.6913717777707,C_UV,117.30862822222934,5.21371680987686,1
2250.0,1824.4346910773706,C_UV,425.56530892262936,18.914013729894638,2
2250.0,1817.6921123831155,C_UV,432.3078876168845,19.213683894083754,3
2250.0,2132.6913717777707,C_UV,117.30862822222934,5.21371680987686,4
2250.0,2110.651845881571,C_UV,139.3481541184292,6.193251294152408,5
2250.0,1668.3613607153045,C_UV,581.6386392846955,25.850606190430913,6
2250.0,1743.6186691668943,C_UV,506.3813308331057,22.50583692591581,7
2250.0,2132.6913717777707,C_UV,117.30862822222934,5.21371680987686,8
2250.0,2132.6913717777707,C_UV,117.30862822222934,5.21371680987686,9
2250.0,2132.6913717777707,C_UV,117.30862822222934,5.21371680987686,10
2250.0,2132.6913717777707,C_UV,117.30862822222934,5.21371680987686,11
2250.0,1663.9825287503434,C_UV,586.0174712496566,26.045220944429182,12
2250.0,1478.7604225708462,C_UV,771.2395774291538,34.277314552406835,13
2250.0,2132.6913717777707,C_UV,117.30862822222934,5.21371680987686,14
2250.0,2132.6913717777707,C_VISG,117.30862822222934,5.21371680987686,0
2250.0,2132.6913717777707,C_VISG,117.30862822222934,5.21371680987686,1
2250.0,2132.6913717777707,C_VISG,117.30862822222934,5.21371680987686,2
2250.0,2132.6913717777707,C_VISG,117.30862822222934,5.21371680987686,3
2250.0,2132.6913717777707,C_VISG,117.30862822222934,5.21371680987686,4
2250.0,2082.2208319639776,C_VISG,167.77916803602238,7.456851912712106,5
2250.0,1992.9904971491458,C_VISG,257.00950285085423,11.422644571149076,6
2250.0,2132.6913717777707,C_VISG,117.30862822222934,5.21371680987686,7
2250.0,2132.6913717777707,C_VISG,117.30862822222934,5.21371680987686,8
2250.0,2132.6913717777707,C_VISG,117.30862822222934,5.21371680987686,9
2250.0,2132.6913717777707,C_VISG,117.30862822222934,5.21371680987686,10
2250.0,2132.6913717777707,C_VISG,117.30862822222934,5.21371680987686,11
2250.0,2132.6913717777707,C_VISG,117.30862822222934,5.21371680987686,12
2250.0,2091.86987609292,C_VISG,158.1301239070799,7.028005506981329,13
2250.0,2132.6913717777707,C_VISG,117.30862822222934,5.21371680987686,14
2250.0,2045.4232592216522,C_VISB,204.5767407783478,9.092299590148793,0
2250.0,2015.919564763557,C_VISB,234.080435236443,10.403574899397466,1
2250.0,2097.3869052613386,C_VISB,152.6130947386614,6.782804210607174,2
2250.0,2112.8412984622373,C_VISB,137.15870153776268,6.09594229056723,3
2250.0,2132.6913717777707,C_VISB,117.30862822222934,5.21371680987686,4
2250.0,2057.6984287847495,C_VISB,192.30157121525053,8.546736498455578,5
2250.0,2132.6913717777707,C_VISB,117.30862822222934,5.21371680987686,6
2250.0,2132.6913717777707,C_VISB,117.30862822222934,5.21371680987686,7
2250.0,2098.9920611979046,C_VISB,151.0079388020954,6.711463946759795,8
2250.0,2132.6913717777707,C_VISB,117.30862822222934,5.21371680987686,9
2250.0,2132.6913717777707,C_VISB,117.30862822222934,5.21371680987686,10
2250.0,2132.6913717777707,C_VISB,117.30862822222934,5.21371680987686,11
2250.0,2103.107142684901,C_VISB,146.8928573150988,6.528571436226614,12
2250.0,2132.6913717777707,C_VISB,117.30862822222934,5.21371680987686,13
2250.0,2132.6913717777707,C_VISB,117.30862822222934,5.21371680987686,14
2250.0,2132.6913717777707,C_VISR,117.30862822222934,5.21371680987686,0
2250.0,2266.2412826781165,C_VISR,16.241282678116477,0.7218347856940657,1
2250.0,2132.6913717777707,C_VISR,117.30862822222934,5.21371680987686,2
2250.0,2132.6913717777707,C_VISR,117.30862822222934,5.21371680987686,3
2250.0,2215.1795716572537,C_VISR,34.820428342746254,1.5475745930109448,4
2250.0,2137.8673479309664,C_VISR,112.13265206903361,4.983673425290383,5
2250.0,2176.708256950641,C_VISR,73.29174304935896,3.257410802193731,6
2250.0,2132.6913717777707,C_VISR,117.30862822222934,5.21371680987686,7
2250.0,2181.8592938507304,C_VISR,68.14070614926959,3.028475828856426,8
2250.0,2132.6913717777707,C_VISR,117.30862822222934,5.21371680987686,9
2250.0,2202.690332273646,C_VISR,47.30966772635384,2.1026518989490595,10
2250.0,2132.6913717777707,C_VISR,117.30862822222934,5.21371680987686,11
2250.0,2135.2362520641746,C_VISR,114.76374793582545,5.10061101937002,12
2250.0,2132.6913717777707,C_VISR,117.30862822222934,5.21371680987686,13
2250.0,2132.6913717777707,C_VISR,117.30862822222934,5.21371680987686,14
2500.0,2393.924159778743,P_IR1,106.07584022125684,4.243033608850274,0
2500.0,2495.457489110704,P_IR1,4.542510889295954,0.18170043557183818,1
2500.0,2495.457489110704,P_IR1,4.542510889295954,0.18170043557183818,2
2500.0,2495.457489110704,P_IR1,4.542510889295954,0.18170043557183818,3
2500.0,2495.457489110704,P_IR1,4.542510889295954,0.18170043557183818,4
2500.0,2337.183370951541,P_IR1,162.81662904845916,6.512665161938366,5
2500.0,2470.3309902895376,P_IR1,29.669009710462433,1.1867603884184972,6
2500.0,2495.457489110704,P_IR1,4.542510889295954,0.18170043557183818,7
2500.0,2484.7239133303365,P_IR1,15.276086669663528,0.6110434667865411,8
2500.0,2495.457489110704,P_IR1,4.542510889295954,0.18170043557183818,9
2500.0,2292.427451233943,P_IR1,207.57254876605703,8.302901950642282,10
2500.0,2495.457489110704,P_IR1,4.542510889295954,0.18170043557183818,11
2500.0,2495.457489110704,P_IR1,4.542510889295954,0.18170043557183818,12
2500.0,2495.457489110704,P_IR1,4.542510889295954,0.18170043557183818,13
2500.0,2495.457489110704,P_IR1,4.542510889295954,0.18170043557183818,14
2500.0,2430.9222891302875,P_IR1xP,69.07771086971252,2.7631084347885007,0
2500.0,2495.491348922528,P_IR1xP,4.508651077472223,0.1803460430988889,1
2500.0,2471.1513556033,P_IR1xP,28.84864439669991,1.1539457758679963,2
2500.0,2441.795095849463,P_IR1xP,58.204904150537004,2.3281961660214803,3
2500.0,2495.491348922528,P_IR1xP,4.508651077472223,0.1803460430988889,4
2500.0,2495.491348922528,P_IR1xP,4.508651077472223,0.1803460430988889,5
2500.0,2495.491348922528,P_IR1xP,4.508651077472223,0.1803460430988889,6
2500.0,2474.493286316176,P_IR1xP,25.50671368382382,1.0202685473529527,7
2500.0,2495.491348922528,P_IR1xP,4.508651077472223,0.1803460430988889,8
2500.0,2495.491348922528,P_IR1xP,4.508651077472223,0.1803460430988889,9
2500.0,2480.6312214923473,P_IR1xP,19.368778507652678,0.7747511403061071,10
2500.0,2495.491348922528,P_IR1xP,4.508651077472223,0.1803460430988889,11
2500.0,2495.491348922528,P_IR1xP,4.508651077472223,0.1803460430988889,12
2500.0,2495.491348922528,P_IR1xP,4.508651077472223,0.1803460430988889,13
2500.0,2469.1215297706844,P_IR1xP,30.878470229315553,1.235138809172622,14
2500.0,1927.9002207926985,P_IR2,572.0997792073015,22.88399116829206,0
2500.0,1437.5949197964906,P_IR2,1062.4050802035094,42.49620320814038,1
2500.0,2495.457489110704,P_IR2,4.542510889295954,0.18170043557183818,2
2500.0,2495.457489110704,P_IR2,4.542510889295954,0.18170043557183818,3
2500.0,1819.4625501109044,P_IR2,680.5374498890956,27.22149799556382,4
2500.0,2495.457489110704,P_IR2,4.542510889295954,0.18170043557183818,5
2500.0,2495.457489110704,P_IR2,4.542510889295954,0.18170043557183818,6
2500.0,2302.7662782199004,P_IR2,197.2337217800996,7.889348871203983,7
2500.0,2495.457489110704,P_IR2,4.542510889295954,0.18170043557183818,8
2500.0,2155.595657479556,P_IR2,344.40434252044406,13.776173700817761,9
2500.0,2261.9460678210817,P_IR2,238.05393217891833,9.522157287156734,10
2500.0,2495.457489110704,P_IR2,4.542510889295954,0.18170043557183818,11
2500.0,2096.889384413767,P_IR2,403.11061558623305,16.124424623449322,12
2500.0,2495.457489110704,P_IR2,4.542510889295954,0.18170043557183818,13
2500.0,2495.457489110704,P_IR2,4.542510889295954,0.18170043557183818,14
2500.0,2495.457489110704,P_UV,4.542510889295954,0.18170043557183818,0
2500.0,2495.457489110704,P_UV,4.542510889295954,0.18170043557183818,1
2500.0,2495.457489110704,P_UV,4.542510889295954,0.18170043557183818,2
2500.0,2495.457489110704,P_UV,4.542510889295954,0.18170043557183818,3
2500.0,2495.457489110704,P_UV,4.542510889295954,0.18170043557183818,4
2500.0,2587.9477703090397,P_UV,87.9477703090397,3.5179108123615883,5
2500.0,2495.457489110704,P_UV,4.542510889295954,0.18170043557183818,6
2500.0,2495.457489110704,P_UV,4.542510889295954,0.18170043557183818,7
2500.0,2495.457489110704,P_UV,4.542510889295954,0.18170043557183818,8
2500.0,2552.5354652581386,P_UV,52.53546525813863,2.101418610325545,9
2500.0,2495.457489110704,P_UV,4.542510889295954,0.18170043557183818,10
2500.0,2540.4146563797467,P_UV,40.4146563797467,1.6165862551898682,11
2500.0,2495.457489110704,P_UV,4.542510889295954,0.18170043557183818,12
2500.0,2495.457489110704,P_UV,4.542510889295954,0.18170043557183818,13
2500.0,2495.457489110704,P_UV,4.542510889295954,0.18170043557183818,14
2500.0,2495.457489110704,C_UV,4.542510889295954,0.18170043557183818,0
2500.0,2495.457489110704,C_UV,4.542510889295954,0.18170043557183818,1
2500.0,2495.457489110704,C_UV,4.542510889295954,0.18170043557183818,2
2500.0,2376.8924457943513,C_UV,123.10755420564874,4.92430216822595,3
2500.0,2402.343340663307,C_UV,97.65665933669288,3.906266373467715,4
2500.0,2332.8075061159607,C_UV,167.19249388403932,6.687699755361573,5
2500.0,2495.457489110704,C_UV,4.542510889295954,0.18170043557183818,6
2500.0,1994.7542101153028,C_UV,505.24578988469716,20.209831595387886,7
2500.0,2132.628068153584,C_UV,367.3719318464159,14.694877273856639,8
2500.0,2494.41357274767,C_UV,5.5864272523299405,0.2234570900931976,9
2500.0,2205.407543284482,C_UV,294.592456715518,11.78369826862072,10
2500.0,2455.1085351232864,C_UV,44.8914648767136,1.795658595068544,11
2500.0,2495.457489110704,C_UV,4.542510889295954,0.18170043557183818,12
2500.0,2495.457489110704,C_UV,4.542510889295954,0.18170043557183818,13
2500.0,2495.457489110704,C_UV,4.542510889295954,0.18170043557183818,14
2500.0,2495.457489110704,C_VISG,4.542510889295954,0.18170043557183818,0
2500.0,2495.457489110704,C_VISG,4.542510889295954,0.18170043557183818,1
2500.0,2481.5215032713386,C_VISG,18.478496728661412,0.7391398691464565,2
2500.0,2429.1533654957184,C_VISG,70.84663450428161,2.833865380171264,3
2500.0,2448.8580075914,C_VISG,51.14199240859989,2.0456796963439956,4
2500.0,2484.7339803043133,C_VISG,15.266019695686737,0.6106407878274694,5
2500.0,2495.457489110704,C_VISG,4.542510889295954,0.18170043557183818,6
2500.0,2495.457489110704,C_VISG,4.542510889295954,0.18170043557183818,7
2500.0,2425.646661728161,C_VISG,74.35333827183922,2.974133530873569,8
2500.0,2412.027061567554,C_VISG,87.97293843244597,3.5189175372978387,9
2500.0,2390.014738778956,C_VISG,109.98526122104386,4.3994104488417545,10
2500.0,2449.762597929189,C_VISG,50.237402070811186,2.0094960828324475,11
2500.0,2494.686430374613,C_VISG,5.313569625387117,0.2125427850154847,12
2500.0,2495.457489110704,C_VISG,4.542510889295954,0.18170043557183818,13
2500.0,2495.457489110704,C_VISG,4.542510889295954,0.18170043557183818,14
2500.0,2494.0549756192736,C_VISB,5.945024380726409,0.23780097522905635,0
2500.0,2466.698580185425,C_VISB,33.30141981457518,1.3320567925830074,1
2500.0,2453.9499918458323,C_VISB,46.0500081541677,1.8420003261667082,2
2500.0,2494.427563538079,C_VISB,5.5724364619209155,0.2228974584768366,3
2500.0,2491.5197107569234,C_VISB,8.48028924307664,0.33921156972306565,4
2500.0,2492.3182824318847,C_VISB,7.681717568115346,0.3072687027246138,5
2500.0,2460.489296063278,C_VISB,39.510703936722166,1.5804281574688865,6
2500.0,2495.457489110704,C_VISB,4.542510889295954,0.18170043557183818,7
2500.0,2495.457489110704,C_VISB,4.542510889295954,0.18170043557183818,8
2500.0,2483.9430009494313,C_VISB,16.05699905056872,0.6422799620227488,9
2500.0,2482.3312430333613,C_VISB,17.66875696663874,0.7067502786655496,10
2500.0,2495.457489110704,C_VISB,4.542510889295954,0.18170043557183818,11
2500.0,2495.457489110704,C_VISB,4.542510889295954,0.18170043557183818,12
2500.0,2495.457489110704,C_VISB,4.542510889295954,0.18170043557183818,13
2500.0,2474.8900602694007,C_VISB,25.109939730599308,1.0043975892239723,14
2500.0,2495.7836434341652,C_VISR,4.216356565834758,0.1686542626333903,0
2500.0,2495.457489110704,C_VISR,4.542510889295954,0.18170043557183818,1
2500.0,2495.457489110704,C_VISR,4.542510889295954,0.18170043557183818,2
2500.0,2534.836379985651,C_VISR,34.83637998565109,1.3934551994260438,3
2500.0,2500.5737329104345,C_VISR,0.5737329104345008,0.022949316417380034,4
2500.0,2495.457489110704,C_VISR,4.542510889295954,0.18170043557183818,5
2500.0,2517.6254294239366,C_VISR,17.625429423936566,0.7050171769574626,6
2500.0,2495.457489110704,C_VISR,4.542510889295954,0.18170043557183818,7
2500.0,2495.457489110704,C_VISR,4.542510889295954,0.18170043557183818,8
2500.0,2495.457489110704,C_VISR,4.542510889295954,0.18170043557183818,9
2500.0,2516.6811994753184,C_VISR,16.681199475318408,0.6672479790127364,10
2500.0,2495.457489110704,C_VISR,4.542510889295954,0.18170043557183818,11
2500.0,2504.8325965240892,C_VISR,4.83259652408924,0.1933038609635696,12
2500.0,2550.0122631832946,C_VISR,50.012263183294635,2.0004905273317855,13
2500.0,2563.592586386797,C_VISR,63.59258638679694,2.5437034554718774,14
