True Wavelength,Predicted Wavelength,Noise Level,Absolute Error,Relative Error (%),Trial
250.0,262.49729327519617,0.0,12.49729327519617,4.998917310078468,0
250.0,262.49729327519617,0.0,12.49729327519617,4.998917310078468,1
250.0,262.49729327519617,0.0,12.49729327519617,4.998917310078468,2
250.0,262.49729327519617,0.0,12.49729327519617,4.998917310078468,3
250.0,262.49729327519617,0.0,12.49729327519617,4.998917310078468,4
250.0,262.49729327519617,0.0,12.49729327519617,4.998917310078468,5
250.0,262.49729327519617,0.0,12.49729327519617,4.998917310078468,6
250.0,262.49729327519617,0.0,12.49729327519617,4.998917310078468,7
250.0,262.49729327519617,0.0,12.49729327519617,4.998917310078468,8
250.0,262.49729327519617,0.0,12.49729327519617,4.998917310078468,9
250.0,262.49729327519617,0.0,12.49729327519617,4.998917310078468,10
250.0,262.49729327519617,0.0,12.49729327519617,4.998917310078468,11
250.0,262.49729327519617,0.0,12.49729327519617,4.998917310078468,12
250.0,262.49729327519617,0.0,12.49729327519617,4.998917310078468,13
250.0,262.49729327519617,0.0,12.49729327519617,4.998917310078468,14
250.0,262.49729327519617,0.0,12.49729327519617,4.998917310078468,15
250.0,262.49729327519617,0.0,12.49729327519617,4.998917310078468,16
250.0,262.49729327519617,0.0,12.49729327519617,4.998917310078468,17
250.0,262.49729327519617,0.0,12.49729327519617,4.998917310078468,18
250.0,262.49729327519617,0.0,12.49729327519617,4.998917310078468,19
250.0,177.04929628491115,0.01,72.95070371508885,29.180281486035543,0
250.0,236.20802073305086,0.01,13.791979266949141,5.516791706779657,1
250.0,270.18232923462296,0.01,20.182329234622955,8.072931693849181,2
250.0,68.22213814881243,0.01,181.77786185118757,72.71114474047504,3
250.0,238.5890842662193,0.01,11.410915733780712,4.564366293512285,4
250.0,286.350153369146,0.01,36.35015336914603,14.540061347658412,5
250.0,71.5759241174373,0.01,178.4240758825627,71.36963035302509,6
250.0,267.0158730419521,0.01,17.01587304195209,6.806349216780837,7
250.0,152.11534552786904,0.01,97.88465447213096,39.15386178885238,8
250.0,285.2744665587566,0.01,35.274466558756615,14.109786623502647,9
250.0,171.57679970242677,0.01,78.42320029757323,31.36928011902929,10
250.0,168.15026268469654,0.01,81.84973731530346,32.73989492612138,11
250.0,235.4795767759587,0.01,14.52042322404131,5.808169289616524,12
250.0,251.272707363322,0.01,1.272707363322013,0.5090829453288052,13
250.0,244.72883072764188,0.01,5.271169272358122,2.108467708943249,14
250.0,350.5141909741417,0.01,100.51419097414168,40.205676389656674,15
250.0,239.06641655500047,0.01,10.933583444999528,4.3734333779998105,16
250.0,157.2633918007269,0.01,92.73660819927309,37.09464327970924,17
250.0,100.720128056863,0.01,149.27987194313698,59.7119487772548,18
250.0,239.4684862810014,0.01,10.53151371899861,4.212605487599444,19
250.0,280.7309966755338,0.02,30.730996675533788,12.292398670213515,0
250.0,249.4084911781843,0.02,0.5915088218156939,0.23660352872627755,1
250.0,255.26980958395305,0.02,5.269809583953048,2.107923833581219,2
250.0,339.87289839361296,0.02,89.87289839361296,35.94915935744518,3
250.0,185.87871160861383,0.02,64.12128839138617,25.64851535655447,4
250.0,196.3564517258964,0.02,53.64354827410361,21.45741930964144,5
250.0,4.393440757444626,0.02,245.60655924255536,98.24262369702214,6
250.0,142.9715374856054,0.02,107.02846251439459,42.811385005757835,7
250.0,300.1225193920826,0.02,50.12251939208261,20.049007756833042,8
250.0,216.1685561549148,0.02,33.831443845085204,13.532577538034083,9
250.0,166.30321356073512,0.02,83.69678643926488,33.47871457570595,10
250.0,97.75507225137774,0.02,152.24492774862227,60.89797109944891,11
250.0,236.95948093872386,0.02,13.040519061276143,5.216207624510457,12
250.0,36.80897279110991,0.02,213.1910272088901,85.27641088355604,13
250.0,184.89222404305423,0.02,65.10777595694577,26.043110382778313,14
250.0,269.6795694435276,0.02,19.679569443527612,7.871827777411045,15
250.0,304.4577136874796,0.02,54.45771368747961,21.783085474991847,16
250.0,214.8851019655337,0.02,35.11489803446631,14.045959213786524,17
250.0,-65.3796834027578,0.02,315.3796834027578,126.15187336110311,18
250.0,319.8304285911674,0.02,69.83042859116739,27.93217143646696,19
250.0,562.2981498216964,0.05,312.29814982169637,124.91925992867854,0
250.0,152.97959403085383,0.05,97.02040596914617,38.80816238765847,1
250.0,59.043376100704485,0.05,190.95662389929552,76.3826495597182,2
250.0,248.40593659832356,0.05,1.5940634016764363,0.6376253606705745,3
250.0,256.3711628899005,0.05,6.371162889900518,2.548465155960207,4
250.0,275.7116958604066,0.05,25.71169586040662,10.284678344162648,5
250.0,158.6183185418877,0.05,91.3816814581123,36.55267258324491,6
250.0,-165.5094979642164,0.05,415.5094979642164,166.20379918568656,7
250.0,221.51121674771133,0.05,28.48878325228867,11.395513300915468,8
250.0,236.71664633112943,0.05,13.283353668870575,5.31334146754823,9
250.0,259.26514347293465,0.05,9.265143472934653,3.7060573891738615,10
250.0,318.0408005425549,0.05,68.0408005425549,27.21632021702196,11
250.0,240.82343645346032,0.05,9.176563546539683,3.670625418615873,12
250.0,-253.9281038735758,0.05,503.92810387357576,201.5712415494303,13
250.0,-12.015137996021055,0.05,262.01513799602105,104.80605519840842,14
250.0,413.46496049140904,0.05,163.46496049140904,65.38598419656361,15
250.0,311.5567086306397,0.05,61.55670863063972,24.622683452255885,16
250.0,323.81053870405276,0.05,73.81053870405276,29.524215481621102,17
250.0,466.3941357278395,0.05,216.3941357278395,86.5576542911358,18
250.0,298.14249685350893,0.05,48.14249685350893,19.25699874140357,19
250.0,-37.80582210309347,0.1,287.8058221030935,115.12232884123739,0
250.0,-29.630636349622524,0.1,279.63063634962253,111.85225453984901,1
250.0,570.8015081102399,0.1,320.80150811023987,128.32060324409596,2
250.0,93.31232813162885,0.1,156.68767186837115,62.67506874734846,3
250.0,-282.15678959457074,0.1,532.1567895945707,212.86271583782826,4
250.0,-225.06159626306572,0.1,475.0615962630657,190.02463850522628,5
250.0,-48.58797253693502,0.1,298.587972536935,119.43518901477401,6
250.0,217.74639078464733,0.1,32.25360921535267,12.901443686141068,7
250.0,280.94153898069425,0.1,30.941538980694247,12.376615592277698,8
250.0,515.9343866889172,0.1,265.93438668891724,106.37375467556689,9
250.0,-170.19381060754094,0.1,420.19381060754097,168.0775242430164,10
250.0,270.08405238630087,0.1,20.08405238630087,8.033620954520346,11
250.0,-21.581663597466754,0.1,271.58166359746673,108.63266543898669,12
250.0,69.65730474989992,0.1,180.34269525010006,72.13707810004003,13
250.0,21.37743359391542,0.1,228.6225664060846,91.44902656243383,14
250.0,311.721161148098,0.1,61.72116114809802,24.688464459239206,15
250.0,257.0762350893693,0.1,7.076235089369277,2.830494035747711,16
250.0,291.6034170745848,0.1,41.6034170745848,16.64136682983392,17
250.0,304.1909583923438,0.1,54.190958392343816,21.676383356937524,18
250.0,-58.11498349026073,0.1,308.1149834902607,123.2459933961043,19
250.0,19.65993241691095,0.2,230.34006758308905,92.13602703323562,0
250.0,285.7566253362131,0.2,35.75662533621312,14.302650134485248,1
250.0,230.90291135437923,0.2,19.097088645620772,7.63883545824831,2
250.0,182.47966256549168,0.2,67.52033743450832,27.008134973803326,3
250.0,293.07799108069474,0.2,43.077991080694744,17.231196432277898,4
250.0,624.6742148723264,0.2,374.6742148723264,149.86968594893057,5
250.0,-105.23614670670636,0.2,355.23614670670634,142.09445868268253,6
250.0,137.76034633293102,0.2,112.23965366706898,44.89586146682759,7
250.0,56.197788053668994,0.2,193.802211946331,77.52088477853239,8
250.0,993.8774878685562,0.2,743.8774878685562,297.55099514742244,9
250.0,-116.20991185310389,0.2,366.2099118531039,146.48396474124158,10
250.0,1073.20401991896,0.2,823.2040199189601,329.281607967584,11
250.0,66.6284348994418,0.2,183.3715651005582,73.34862604022328,12
250.0,190.5818198205608,0.2,59.41818017943919,23.767272071775675,13
250.0,-216.28087818979304,0.2,466.28087818979304,186.5123512759172,14
250.0,493.62010132972836,0.2,243.62010132972836,97.44804053189135,15
250.0,5.88845806340802,0.2,244.11154193659198,97.64461677463679,16
250.0,87.23115596499086,0.2,162.76884403500912,65.10753761400365,17
250.0,-228.12555813634265,0.2,478.12555813634265,191.25022325453708,18
250.0,37.219089857244384,0.2,212.7809101427556,85.11236405710224,19
500.0,498.36751913245473,0.0,1.6324808675452687,0.32649617350905374,0
500.0,498.36751913245473,0.0,1.6324808675452687,0.32649617350905374,1
500.0,498.36751913245473,0.0,1.6324808675452687,0.32649617350905374,2
500.0,498.36751913245473,0.0,1.6324808675452687,0.32649617350905374,3
500.0,498.36751913245473,0.0,1.6324808675452687,0.32649617350905374,4
500.0,498.36751913245473,0.0,1.6324808675452687,0.32649617350905374,5
500.0,498.36751913245473,0.0,1.6324808675452687,0.32649617350905374,6
500.0,498.36751913245473,0.0,1.6324808675452687,0.32649617350905374,7
500.0,498.36751913245473,0.0,1.6324808675452687,0.32649617350905374,8
500.0,498.36751913245473,0.0,1.6324808675452687,0.32649617350905374,9
500.0,498.36751913245473,0.0,1.6324808675452687,0.32649617350905374,10
500.0,498.36751913245473,0.0,1.6324808675452687,0.32649617350905374,11
500.0,498.36751913245473,0.0,1.6324808675452687,0.32649617350905374,12
500.0,498.36751913245473,0.0,1.6324808675452687,0.32649617350905374,13
500.0,498.36751913245473,0.0,1.6324808675452687,0.32649617350905374,14
500.0,498.36751913245473,0.0,1.6324808675452687,0.32649617350905374,15
500.0,498.36751913245473,0.0,1.6324808675452687,0.32649617350905374,16
500.0,498.36751913245473,0.0,1.6324808675452687,0.32649617350905374,17
500.0,498.36751913245473,0.0,1.6324808675452687,0.32649617350905374,18
500.0,498.36751913245473,0.0,1.6324808675452687,0.32649617350905374,19
500.0,448.55221975526956,0.01,51.44778024473044,10.289556048946087,0
500.0,445.15194544238653,0.01,54.848054557613466,10.969610911522693,1
500.0,429.58995502691977,0.01,70.41004497308023,14.082008994616046,2
500.0,609.7712201302852,0.01,109.7712201302852,21.95424402605704,3
500.0,430.2471448625226,0.01,69.75285513747741,13.950571027495482,4
500.0,516.0020506177941,0.01,16.00205061779411,3.2004101235588225,5
500.0,458.1421636539297,0.01,41.857836346070314,8.371567269214063,6
500.0,388.4301235498344,0.01,111.56987645016562,22.313975290033124,7
500.0,396.84900767973903,0.01,103.15099232026097,20.630198464052192,8
500.0,619.5921709289915,0.01,119.59217092899155,23.91843418579831,9
500.0,432.6523060098945,0.01,67.34769399010548,13.469538798021096,10
500.0,480.69135992878677,0.01,19.308640071213233,3.8617280142426464,11
500.0,582.7542522639787,0.01,82.75425226397874,16.55085045279575,12
500.0,425.1576705589242,0.01,74.84232944107578,14.968465888215155,13
500.0,592.3674173083258,0.01,92.3674173083258,18.47348346166516,14
500.0,451.2235872321672,0.01,48.776412767832824,9.755282553566564,15
500.0,418.1539078289864,0.01,81.8460921710136,16.369218434202722,16
500.0,500.4310408893356,0.01,0.43104088933557705,0.08620817786711542,17
500.0,451.26221415256117,0.01,48.73778584743883,9.747557169487765,18
500.0,586.9763889172243,0.01,86.97638891722431,17.39527778344486,19
500.0,418.96999128776525,0.02,81.03000871223475,16.206001742446947,0
500.0,456.5891313979535,0.02,43.41086860204649,8.682173720409299,1
500.0,414.9163500483559,0.02,85.08364995164408,17.016729990328816,2
500.0,409.46825836265634,0.02,90.53174163734366,18.106348327468734,3
500.0,575.4475020773601,0.02,75.44750207736013,15.089500415472026,4
500.0,454.1746935771112,0.02,45.82530642288879,9.165061284577758,5
500.0,401.99580465831576,0.02,98.00419534168424,19.600839068336846,6
500.0,480.58830657659877,0.02,19.411693423401232,3.882338684680246,7
500.0,639.0806450347316,0.02,139.08064503473156,27.816129006946312,8
500.0,431.41345551232456,0.02,68.58654448767544,13.717308897535089,9
500.0,563.933591528842,0.02,63.933591528842044,12.786718305768407,10
500.0,549.1199525790902,0.02,49.11995257909018,9.823990515818036,11
500.0,606.3620726243853,0.02,106.36207262438529,21.27241452487706,12
500.0,419.13311623719943,0.02,80.86688376280057,16.173376752560113,13
500.0,503.80830516271993,0.02,3.8083051627199325,0.7616610325439864,14
500.0,511.3719483755656,0.02,11.37194837556558,2.274389675113116,15
500.0,468.9494133612931,0.02,31.050586638706875,6.210117327741375,16
500.0,627.0838111342936,0.02,127.08381113429357,25.416762226858715,17
500.0,619.155887171675,0.02,119.15588717167498,23.831177434334997,18
500.0,438.97314785519615,0.02,61.026852144803854,12.205370428960771,19
500.0,422.30050004475675,0.05,77.69949995524325,15.53989999104865,0
500.0,404.8453454908382,0.05,95.15465450916179,19.030930901832356,1
500.0,206.65011775551736,0.05,293.3498822444826,58.66997644889652,2
500.0,401.4624831721163,0.05,98.53751682788368,19.707503365576738,3
500.0,548.586713069946,0.05,48.58671306994597,9.717342613989194,4
500.0,720.2546682508612,0.05,220.2546682508612,44.05093365017223,5
500.0,341.92962602233104,0.05,158.07037397766896,31.614074795533792,6
500.0,277.7588185637655,0.05,222.2411814362345,44.4482362872469,7
500.0,682.7507640636186,0.05,182.7507640636186,36.55015281272372,8
500.0,390.27300951590365,0.05,109.72699048409635,21.945398096819268,9
500.0,385.0897823320026,0.05,114.91021766799741,22.982043533599484,10
500.0,620.484903646788,0.05,120.48490364678798,24.096980729357597,11
500.0,413.81791409829884,0.05,86.18208590170116,17.236417180340233,12
500.0,284.3564957337326,0.05,215.64350426626743,43.12870085325349,13
500.0,570.4226926450749,0.05,70.4226926450749,14.084538529014981,14
500.0,469.0540204718781,0.05,30.94597952812188,6.189195905624376,15
500.0,650.9908237573499,0.05,150.99082375734986,30.198164751469967,16
500.0,647.3335111972589,0.05,147.33351119725887,29.466702239451774,17
500.0,441.7544188403451,0.05,58.245581159654876,11.649116231930975,18
500.0,204.9291094193253,0.05,295.0708905806747,59.01417811613494,19
500.0,96.65804182719627,0.1,403.34195817280374,80.66839163456075,0
500.0,360.0586583471002,0.1,139.94134165289978,27.988268330579956,1
500.0,484.24139722380573,0.1,15.758602776194266,3.151720555238853,2
500.0,464.08775135019323,0.1,35.91224864980677,7.182449729961355,3
500.0,504.12578844592696,0.1,4.125788445926958,0.8251576891853916,4
500.0,546.8904582348326,0.1,46.890458234832636,9.378091646966528,5
500.0,227.54201561384966,0.1,272.4579843861503,54.491596877230066,6
500.0,385.902097755348,0.1,114.097902244652,22.819580448930402,7
500.0,156.4026834215354,0.1,343.59731657846464,68.71946331569293,8
500.0,319.36795844533293,0.1,180.63204155466707,36.126408310933414,9
500.0,329.82120243029317,0.1,170.17879756970683,34.035759513941365,10
500.0,345.50820614705,0.1,154.49179385295002,30.898358770590008,11
500.0,381.9320328664969,0.1,118.06796713350309,23.613593426700618,12
500.0,347.13920812380843,0.1,152.86079187619157,30.572158375238313,13
500.0,243.3279339692947,0.1,256.6720660307053,51.33441320614106,14
500.0,161.14277616100276,0.1,338.85722383899724,67.77144476779945,15
500.0,262.5541624008831,0.1,237.44583759911689,47.489167519823376,16
500.0,741.0500261827295,0.1,241.05002618272954,48.2100052365459,17
500.0,114.29275812242427,0.1,385.7072418775757,77.14144837551514,18
500.0,157.28247733192924,0.1,342.7175226680707,68.54350453361414,19
500.0,1042.2309291241647,0.2,542.2309291241647,108.44618582483294,0
500.0,279.57292025051,0.2,220.42707974949002,44.08541594989801,1
500.0,305.90231495468316,0.2,194.09768504531684,38.81953700906337,2
500.0,125.61966142996337,0.2,374.38033857003666,74.87606771400733,3
500.0,122.54805408505888,0.2,377.4519459149411,75.49038918298822,4
500.0,336.8007871764302,0.2,163.19921282356978,32.63984256471396,5
500.0,799.945148829435,0.2,299.94514882943497,59.98902976588699,6
500.0,217.17369585571996,0.2,282.82630414428,56.565260828856,7
500.0,380.2515941269396,0.2,119.74840587306039,23.949681174612078,8
500.0,295.00805079949464,0.2,204.99194920050536,40.998389840101076,9
500.0,194.32511172787852,0.2,305.6748882721215,61.134977654424304,10
500.0,57.107291808342076,0.2,442.8927081916579,88.57854163833157,11
500.0,252.733092403601,0.2,247.266907596399,49.4533815192798,12
500.0,419.273867440418,0.2,80.72613255958203,16.145226511916405,13
500.0,17.22155802922426,0.2,482.77844197077576,96.55568839415515,14
500.0,360.554970889471,0.2,139.445029110529,27.8890058221058,15
500.0,48.69930826344512,0.2,451.3006917365549,90.26013834731098,16
500.0,-78.01758889443538,0.2,578.0175888944353,115.60351777888707,17
500.0,25.40143839766429,0.2,474.59856160233574,94.91971232046714,18
500.0,-66.30772851779938,0.2,566.3077285177994,113.26154570355989,19
750.0,740.0626438199545,0.0,9.937356180045526,1.3249808240060703,0
750.0,740.0626438199545,0.0,9.937356180045526,1.3249808240060703,1
750.0,740.0626438199545,0.0,9.937356180045526,1.3249808240060703,2
750.0,740.0626438199545,0.0,9.937356180045526,1.3249808240060703,3
750.0,740.0626438199545,0.0,9.937356180045526,1.3249808240060703,4
750.0,740.0626438199545,0.0,9.937356180045526,1.3249808240060703,5
750.0,740.0626438199545,0.0,9.937356180045526,1.3249808240060703,6
750.0,740.0626438199545,0.0,9.937356180045526,1.3249808240060703,7
750.0,740.0626438199545,0.0,9.937356180045526,1.3249808240060703,8
750.0,740.0626438199545,0.0,9.937356180045526,1.3249808240060703,9
750.0,740.0626438199545,0.0,9.937356180045526,1.3249808240060703,10
750.0,740.0626438199545,0.0,9.937356180045526,1.3249808240060703,11
750.0,740.0626438199545,0.0,9.937356180045526,1.3249808240060703,12
750.0,740.0626438199545,0.0,9.937356180045526,1.3249808240060703,13
750.0,740.0626438199545,0.0,9.937356180045526,1.3249808240060703,14
750.0,740.0626438199545,0.0,9.937356180045526,1.3249808240060703,15
750.0,740.0626438199545,0.0,9.937356180045526,1.3249808240060703,16
750.0,740.0626438199545,0.0,9.937356180045526,1.3249808240060703,17
750.0,740.0626438199545,0.0,9.937356180045526,1.3249808240060703,18
750.0,740.0626438199545,0.0,9.937356180045526,1.3249808240060703,19
750.0,728.7797689116611,0.01,21.220231088338892,2.8293641451118523,0
750.0,734.4467131904753,0.01,15.553286809524707,2.0737715746032945,1
750.0,738.8994326691849,0.01,11.100567330815124,1.480075644108683,2
750.0,721.3186770580872,0.01,28.681322941912754,3.824176392255034,3
750.0,729.2542164487841,0.01,20.745783551215936,2.7661044734954583,4
750.0,740.8951852090008,0.01,9.104814790999171,1.213975305466556,5
750.0,665.0617306015762,0.01,84.93826939842381,11.325102586456508,6
750.0,739.6925333580665,0.01,10.307466641933502,1.3743288855911335,7
750.0,731.0657865324936,0.01,18.934213467506424,2.5245617956675233,8
750.0,733.3805235920711,0.01,16.619476407928914,2.2159301877238553,9
750.0,726.2918585013986,0.01,23.708141498601435,3.161085533146858,10
750.0,730.3957001155183,0.01,19.604299884481748,2.613906651264233,11
750.0,702.9165766897576,0.01,47.08342331024244,6.2777897746989915,12
750.0,734.4555950380776,0.01,15.544404961922396,2.0725873282563194,13
750.0,758.5703504692423,0.01,8.570350469242271,1.1427133958989695,14
750.0,744.1682221486465,0.01,5.831777851353536,0.7775703801804714,15
750.0,742.3115251461586,0.01,7.688474853841399,1.0251299805121865,16
750.0,751.2744260621205,0.01,1.274426062120483,0.16992347494939772,17
750.0,711.0232021089495,0.01,38.97679789105052,5.196906385473403,18
750.0,741.0814952296913,0.01,8.918504770308687,1.1891339693744916,19
750.0,666.1921424983075,0.02,83.80785750169252,11.174381000225669,0
750.0,597.161455661846,0.02,152.83854433815395,20.378472578420524,1
750.0,744.5679148877974,0.02,5.4320851122025715,0.7242780149603428,2
750.0,719.5295735436588,0.02,30.470426456341215,4.062723527512162,3
750.0,750.0250165469921,0.02,0.02501654699210576,0.003335539598947435,4
750.0,470.27226185612324,0.02,279.72773814387676,37.2970317525169,5
750.0,751.060805081923,0.02,1.0608050819230357,0.14144067758973808,6
750.0,732.8461902362118,0.02,17.153809763788217,2.287174635171762,7
750.0,741.0837033629737,0.02,8.916296637026335,1.1888395516035113,8
750.0,709.0423443162106,0.02,40.957655683789426,5.4610207578385905,9
750.0,652.2063753032605,0.02,97.79362469673947,13.039149959565263,10
750.0,728.4918904758292,0.02,21.508109524170777,2.8677479365561034,11
750.0,694.8910521085911,0.02,55.10894789140889,7.347859718854519,12
750.0,635.5678758184218,0.02,114.43212418157816,15.257616557543754,13
750.0,711.864655513815,0.02,38.13534448618498,5.084712598157997,14
750.0,728.9881325609637,0.02,21.011867439036337,2.801582325204845,15
750.0,724.8654727246712,0.02,25.134527275328765,3.3512703033771682,16
750.0,724.7597189304715,0.02,25.240281069528464,3.3653708092704617,17
750.0,733.6611922308142,0.02,16.33880776918579,2.1785077025581057,18
750.0,734.0834603100518,0.02,15.916539689948195,2.1222052919930925,19
750.0,731.5390076814838,0.05,18.46099231851622,2.461465642468829,0
750.0,316.08573634961056,0.05,433.91426365038944,57.85523515338525,1
750.0,517.5448782908389,0.05,232.45512170916106,30.994016227888142,2
750.0,792.0771798969938,0.05,42.07717989699381,5.610290652932508,3
750.0,737.4524376793696,0.05,12.54756232063039,1.6730083094173855,4
750.0,750.1347229046185,0.05,0.1347229046184566,0.017963053949127544,5
750.0,722.4954918906003,0.05,27.504508109399694,3.667267747919959,6
750.0,751.4966554330431,0.05,1.4966554330430881,0.19955405773907842,7
750.0,701.2662258576661,0.05,48.733774142333914,6.497836552311188,8
750.0,691.445162696729,0.05,58.55483730327103,7.807311640436137,9
750.0,720.7516615716232,0.05,29.24833842837677,3.899778457116902,10
750.0,697.1569482284358,0.05,52.843051771564205,7.0457402362085615,11
750.0,624.3628592619995,0.05,125.63714073800054,16.751618765066738,12
750.0,685.1851256512126,0.05,64.81487434878738,8.641983246504985,13
750.0,702.9058567998097,0.05,47.094143200190274,6.279219093358704,14
750.0,637.395758112538,0.05,112.60424188746197,15.01389891832826,15
750.0,671.8368998309996,0.05,78.16310016900036,10.421746689200049,16
750.0,637.0444136549576,0.05,112.95558634504243,15.060744846005658,17
750.0,705.7580895385311,0.05,44.24191046146893,5.8989213948625245,18
750.0,741.7158409148441,0.05,8.28415908515592,1.104554544687456,19
750.0,688.8350212341559,0.1,61.164978765844126,8.15533050211255,0
750.0,676.1989287170345,0.1,73.8010712829655,9.840142837728733,1
750.0,811.5457051813584,0.1,61.54570518135836,8.206094024181114,2
750.0,659.4950525757235,0.1,90.50494742427645,12.067326323236859,3
750.0,251.5130926481883,0.1,498.48690735181174,66.46492098024156,4
750.0,588.76395218742,0.1,161.23604781257995,21.498139708343995,5
750.0,334.0589627189407,0.1,415.9410372810593,55.458804970807904,6
750.0,756.450350912462,0.1,6.4503509124619995,0.8600467883282666,7
750.0,503.3164052970112,0.1,246.68359470298878,32.891145960398504,8
750.0,129.20873935969985,0.1,620.7912606403002,82.77216808537335,9
750.0,732.098751510703,0.1,17.901248489297018,2.386833131906269,10
750.0,193.9696199665183,0.1,556.0303800334817,74.13738400446422,11
750.0,586.7208584611004,0.1,163.27914153889958,21.77055220518661,12
750.0,310.4742330743264,0.1,439.5257669256736,58.603435590089816,13
750.0,648.2542534916122,0.1,101.74574650838781,13.566099534451709,14
750.0,511.43618882525226,0.1,238.56381117474774,31.80850815663303,15
750.0,653.3584218217875,0.1,96.64157817821251,12.885543757095002,16
750.0,789.0666629867277,0.1,39.06666298672769,5.208888398230359,17
750.0,390.2761440009925,0.1,359.7238559990075,47.96318079986767,18
750.0,670.2849696417826,0.1,79.7150303582174,10.628670714428988,19
750.0,74.4151076559626,0.2,675.5848923440374,90.07798564587165,0
750.0,-139.11124125150207,0.2,889.1112412515021,118.54816550020027,1
750.0,1010.944856065067,0.2,260.94485606506703,34.79264747534227,2
750.0,827.5643838622627,0.2,77.56438386226273,10.341917848301698,3
750.0,1681.227450244097,0.2,931.2274502440971,124.16366003254629,4
750.0,839.0387716537876,0.2,89.03877165378765,11.871836220505019,5
750.0,638.1035528421168,0.2,111.89644715788324,14.919526287717765,6
750.0,-143.54236072131437,0.2,893.5423607213144,119.13898142950859,7
750.0,699.4583342893138,0.2,50.541665710686175,6.738888761424823,8
750.0,954.4577083414413,0.2,204.45770834144128,27.26102777885884,9
750.0,568.3165582142591,0.2,181.6834417857409,24.224458904765456,10
750.0,94.08415331751266,0.2,655.9158466824873,87.45544622433165,11
750.0,1180.775071614012,0.2,430.77507161401195,57.4366762152016,12
750.0,26.54132046906663,0.2,723.4586795309334,96.46115727079112,13
750.0,690.6877184441953,0.2,59.3122815558047,7.908304207440627,14
750.0,18.492295560668225,0.2,731.5077044393317,97.5343605919109,15
750.0,2387.8338881364266,0.2,1637.8338881364266,218.37785175152354,16
750.0,-185.75934294886844,0.2,935.7593429488684,124.76791239318246,17
750.0,-118.20300227653723,0.2,868.2030022765373,115.76040030353832,18
750.0,622.1803630569048,0.2,127.81963694309525,17.04261825907937,19
1000.0,983.0598122920928,0.0,16.94018770790717,1.6940187707907168,0
1000.0,983.0598122920928,0.0,16.94018770790717,1.6940187707907168,1
1000.0,983.0598122920928,0.0,16.94018770790717,1.6940187707907168,2
1000.0,983.0598122920928,0.0,16.94018770790717,1.6940187707907168,3
1000.0,983.0598122920928,0.0,16.94018770790717,1.6940187707907168,4
1000.0,983.0598122920928,0.0,16.94018770790717,1.6940187707907168,5
1000.0,983.0598122920928,0.0,16.94018770790717,1.6940187707907168,6
1000.0,983.0598122920928,0.0,16.94018770790717,1.6940187707907168,7
1000.0,983.0598122920928,0.0,16.94018770790717,1.6940187707907168,8
1000.0,983.0598122920928,0.0,16.94018770790717,1.6940187707907168,9
1000.0,983.0598122920928,0.0,16.94018770790717,1.6940187707907168,10
1000.0,983.0598122920928,0.0,16.94018770790717,1.6940187707907168,11
1000.0,983.0598122920928,0.0,16.94018770790717,1.6940187707907168,12
1000.0,983.0598122920928,0.0,16.94018770790717,1.6940187707907168,13
1000.0,983.0598122920928,0.0,16.94018770790717,1.6940187707907168,14
1000.0,983.0598122920928,0.0,16.94018770790717,1.6940187707907168,15
1000.0,983.0598122920928,0.0,16.94018770790717,1.6940187707907168,16
1000.0,983.0598122920928,0.0,16.94018770790717,1.6940187707907168,17
1000.0,983.0598122920928,0.0,16.94018770790717,1.6940187707907168,18
1000.0,983.0598122920928,0.0,16.94018770790717,1.6940187707907168,19
1000.0,929.3830901289145,0.01,70.61690987108545,7.061690987108546,0
1000.0,978.5932092801276,0.01,21.406790719872447,2.140679071987245,1
1000.0,968.2836199500762,0.01,31.716380049923828,3.1716380049923822,2
1000.0,964.8874697927964,0.01,35.11253020720358,3.511253020720358,3
1000.0,929.2767437778067,0.01,70.7232562221933,7.0723256222193305,4
1000.0,988.1716211744816,0.01,11.82837882551837,1.182837882551837,5
1000.0,1005.2784434664266,0.01,5.278443466426552,0.5278443466426552,6
1000.0,966.8906930127774,0.01,33.10930698722257,3.3109306987222564,7
1000.0,960.4312585466357,0.01,39.56874145336428,3.9568741453364282,8
1000.0,922.6104913964257,0.01,77.38950860357431,7.7389508603574315,9
1000.0,891.7636991947021,0.01,108.2363008052979,10.82363008052979,10
1000.0,964.107558655037,0.01,35.892441344963004,3.5892441344963006,11
1000.0,957.188699948726,0.01,42.811300051273975,4.281130005127397,12
1000.0,949.8427332148023,0.01,50.15726678519775,5.0157266785197745,13
1000.0,968.3237654053592,0.01,31.676234594640846,3.167623459464085,14
1000.0,952.3227039248945,0.01,47.67729607510546,4.767729607510546,15
1000.0,920.2956928854721,0.01,79.70430711452786,7.970430711452786,16
1000.0,953.4033564961072,0.01,46.59664350389278,4.659664350389278,17
1000.0,966.1856159227794,0.01,33.81438407722055,3.3814384077220554,18
1000.0,927.9201040813009,0.01,72.0798959186991,7.207989591869909,19
1000.0,885.0142917336411,0.02,114.98570826635887,11.498570826635888,0
1000.0,993.5382079859705,0.02,6.46179201402947,0.646179201402947,1
1000.0,935.4575148412512,0.02,64.54248515874883,6.454248515874883,2
1000.0,745.8952163077385,0.02,254.10478369226155,25.41047836922615,3
1000.0,991.1452913505649,0.02,8.85470864943511,0.8854708649435111,4
1000.0,1012.8900291354043,0.02,12.890029135404347,1.2890029135404348,5
1000.0,942.9152975729008,0.02,57.08470242709916,5.708470242709916,6
1000.0,947.4898894628417,0.02,52.51011053715831,5.251011053715831,7
1000.0,882.5412394278438,0.02,117.45876057215617,11.745876057215616,8
1000.0,995.5167204388462,0.02,4.483279561153836,0.44832795611538356,9
1000.0,954.16509885181,0.02,45.834901148190056,4.583490114819005,10
1000.0,914.3776601918804,0.02,85.62233980811959,8.562233980811959,11
1000.0,929.135392662937,0.02,70.86460733706303,7.086460733706304,12
1000.0,877.4060684071073,0.02,122.59393159289266,12.259393159289266,13
1000.0,883.1250024869518,0.02,116.87499751304824,11.687499751304824,14
1000.0,874.2543612824988,0.02,125.74563871750115,12.574563871750117,15
1000.0,778.0741465510246,0.02,221.92585344897543,22.19258534489754,16
1000.0,670.616063209835,0.02,329.38393679016497,32.9383936790165,17
1000.0,883.1284611545259,0.02,116.8715388454741,11.68715388454741,18
1000.0,792.1023831322643,0.02,207.89761686773568,20.789761686773566,19
1000.0,730.6529955313149,0.05,269.3470044686851,26.934700446868508,0
1000.0,933.1798944535675,0.05,66.8201055464325,6.68201055464325,1
1000.0,850.2743762569949,0.05,149.72562374300514,14.972562374300512,2
1000.0,752.519572873803,0.05,247.48042712619701,24.748042712619704,3
1000.0,732.1702294443616,0.05,267.82977055563845,26.782977055563844,4
1000.0,835.3931988066557,0.05,164.60680119334427,16.460680119334427,5
1000.0,684.8718190496575,0.05,315.12818095034254,31.512818095034255,6
1000.0,848.1191429077999,0.05,151.88085709220013,15.188085709220015,7
1000.0,1034.6732319089288,0.05,34.673231908928756,3.4673231908928757,8
1000.0,630.2539282457585,0.05,369.7460717542415,36.97460717542415,9
1000.0,1022.3871814684154,0.05,22.387181468415406,2.2387181468415407,10
1000.0,936.980630342972,0.05,63.01936965702805,6.301936965702805,11
1000.0,851.8668880600844,0.05,148.13311193991558,14.813311193991558,12
1000.0,743.6816864153001,0.05,256.3183135846999,25.63183135846999,13
1000.0,1069.7978771484816,0.05,69.79787714848158,6.979787714848157,14
1000.0,912.1957210547545,0.05,87.80427894524553,8.780427894524554,15
1000.0,932.3412890724535,0.05,67.65871092754651,6.765871092754651,16
1000.0,984.4264352112119,0.05,15.573564788788076,1.5573564788788077,17
1000.0,896.3198639771881,0.05,103.6801360228119,10.36801360228119,18
1000.0,1020.4814159546725,0.05,20.481415954672457,2.048141595467246,19
1000.0,397.9172891922617,0.1,602.0827108077383,60.208271080773834,0
1000.0,963.2692000370702,0.1,36.73079996292984,3.6730799962929837,1
1000.0,427.9323089032842,0.1,572.0676910967159,57.20676910967158,2
1000.0,613.7774374671301,0.1,386.2225625328699,38.62225625328699,3
1000.0,696.5319175193981,0.1,303.4680824806019,30.346808248060185,4
1000.0,688.6870623845534,0.1,311.3129376154466,31.131293761544658,5
1000.0,444.463745675641,0.1,555.536254324359,55.55362543243591,6
1000.0,682.580269333353,0.1,317.41973066664696,31.7419730666647,7
1000.0,248.36678000057688,0.1,751.6332199994231,75.16332199994231,8
1000.0,1019.3971824721783,0.1,19.397182472178315,1.9397182472178316,9
1000.0,980.5886503286118,0.1,19.411349671388166,1.9411349671388165,10
1000.0,903.2739259685214,0.1,96.72607403147856,9.672607403147856,11
1000.0,235.64253776933947,0.1,764.3574622306605,76.43574622306605,12
1000.0,353.88686779687947,0.1,646.1131322031206,64.61131322031206,13
1000.0,647.061054416631,0.1,352.938945583369,35.293894558336895,14
1000.0,878.7615427567379,0.1,121.23845724326213,12.123845724326213,15
1000.0,787.5849714503469,0.1,212.41502854965313,21.241502854965315,16
1000.0,826.1662613933796,0.1,173.8337386066204,17.383373860662036,17
1000.0,968.8246555238084,0.1,31.17534447619164,3.117534447619164,18
1000.0,754.708942158907,0.1,245.291057841093,24.529105784109298,19
1000.0,1214.8858613698644,0.2,214.88586136986441,21.48858613698644,0
1000.0,387.5579747961064,0.2,612.4420252038935,61.24420252038936,1
1000.0,849.1983842606578,0.2,150.8016157393422,15.08016157393422,2
1000.0,753.845914918562,0.2,246.15408508143798,24.615408508143798,3
1000.0,722.8106705545919,0.2,277.18932944540813,27.718932944540814,4
1000.0,28.07658822325057,0.2,971.9234117767494,97.19234117767493,5
1000.0,343.72864031346694,0.2,656.2713596865331,65.6271359686533,6
1000.0,691.4025769698688,0.2,308.59742303013115,30.859742303013114,7
1000.0,867.4732799945492,0.2,132.52672000545078,13.252672000545079,8
1000.0,853.3403173264105,0.2,146.6596826735895,14.665968267358947,9
1000.0,714.5624731711451,0.2,285.43752682885486,28.543752682885486,10
1000.0,527.7536573570804,0.2,472.24634264291956,47.22463426429195,11
1000.0,859.8823969699034,0.2,140.11760303009657,14.011760303009657,12
1000.0,870.2548988785363,0.2,129.74510112146368,12.974510112146367,13
1000.0,924.781088239675,0.2,75.218911760325,7.5218911760325,14
1000.0,656.5349582235986,0.2,343.46504177640145,34.34650417764015,15
1000.0,711.1470653476855,0.2,288.8529346523145,28.88529346523145,16
1000.0,1025.250538981377,0.2,25.250538981377076,2.5250538981377075,17
1000.0,624.842459962001,0.2,375.15754003799896,37.5157540037999,18
1000.0,762.2146896993968,0.2,237.78531030060321,23.77853103006032,19
1250.0,1246.0096784898467,0.0,3.990321510153308,0.31922572081226464,0
1250.0,1246.0096784898467,0.0,3.990321510153308,0.31922572081226464,1
1250.0,1246.0096784898467,0.0,3.990321510153308,0.31922572081226464,2
1250.0,1246.0096784898467,0.0,3.990321510153308,0.31922572081226464,3
1250.0,1246.0096784898467,0.0,3.990321510153308,0.31922572081226464,4
1250.0,1246.0096784898467,0.0,3.990321510153308,0.31922572081226464,5
1250.0,1246.0096784898467,0.0,3.990321510153308,0.31922572081226464,6
1250.0,1246.0096784898467,0.0,3.990321510153308,0.31922572081226464,7
1250.0,1246.0096784898467,0.0,3.990321510153308,0.31922572081226464,8
1250.0,1246.0096784898467,0.0,3.990321510153308,0.31922572081226464,9
1250.0,1246.0096784898467,0.0,3.990321510153308,0.31922572081226464,10
1250.0,1246.0096784898467,0.0,3.990321510153308,0.31922572081226464,11
1250.0,1246.0096784898467,0.0,3.990321510153308,0.31922572081226464,12
1250.0,1246.0096784898467,0.0,3.990321510153308,0.31922572081226464,13
1250.0,1246.0096784898467,0.0,3.990321510153308,0.31922572081226464,14
1250.0,1246.0096784898467,0.0,3.990321510153308,0.31922572081226464,15
1250.0,1246.0096784898467,0.0,3.990321510153308,0.31922572081226464,16
1250.0,1246.0096784898467,0.0,3.990321510153308,0.31922572081226464,17
1250.0,1246.0096784898467,0.0,3.990321510153308,0.31922572081226464,18
1250.0,1246.0096784898467,0.0,3.990321510153308,0.31922572081226464,19
1250.0,1225.9412650096044,0.01,24.05873499039558,1.9246987992316462,0
1250.0,1226.0897832315009,0.01,23.91021676849914,1.9128173414799312,1
1250.0,1211.2623907373559,0.01,38.73760926264413,3.0990087410115303,2
1250.0,1202.4339664469346,0.01,47.56603355306538,3.8052826842452308,3
1250.0,1225.3891221953572,0.01,24.61087780464277,1.9688702243714213,4
1250.0,1188.7698244273693,0.01,61.23017557263074,4.898414045810459,5
1250.0,1209.573460273848,0.01,40.42653972615199,3.234123178092159,6
1250.0,1229.2739599111085,0.01,20.726040088891523,1.658083207111322,7
1250.0,1207.9407980851959,0.01,42.059201914804135,3.3647361531843307,8
1250.0,1191.6008649272792,0.01,58.39913507272081,4.671930805817665,9
1250.0,1210.301759234213,0.01,39.69824076578698,3.175859261262958,10
1250.0,1230.1595673650395,0.01,19.840432634960507,1.5872346107968405,11
1250.0,1243.0961456585394,0.01,6.903854341460601,0.5523083473168481,12
1250.0,1207.7949298904102,0.01,42.20507010958977,3.3764056087671817,13
1250.0,1240.3439577282502,0.01,9.656042271749811,0.7724833817399849,14
1250.0,1205.1743962242433,0.01,44.82560377575669,3.5860483020605347,15
1250.0,1162.1436312937792,0.01,87.85636870622079,7.028509496497663,16
1250.0,1208.261515946169,0.01,41.738484053830916,3.3390787243064732,17
1250.0,1209.9188078688253,0.01,40.0811921311747,3.206495370493976,18
1250.0,1247.075339767605,0.01,2.924660232394899,0.23397281859159194,19
1250.0,1232.3413646433291,0.02,17.658635356670857,1.4126908285336686,0
1250.0,1114.3875095783658,0.02,135.61249042163422,10.848999233730737,1
1250.0,1199.401892601151,0.02,50.598107398848924,4.047848591907914,2
1250.0,1260.1779219333082,0.02,10.177921933308198,0.8142337546646559,3
1250.0,1217.4657376080393,0.02,32.53426239196074,2.602740991356859,4
1250.0,1177.338403301674,0.02,72.6615966983261,5.812927735866087,5
1250.0,1225.4752204101671,0.02,24.52477958983286,1.961982367186629,6
1250.0,1168.1347965672346,0.02,81.86520343276538,6.549216274621231,7
1250.0,1143.7674968660572,0.02,106.23250313394283,8.498600250715427,8
1250.0,1212.5652249711345,0.02,37.43477502886549,2.994782002309239,9
1250.0,1101.5714404874407,0.02,148.42855951255933,11.874284761004747,10
1250.0,1234.428222818065,0.02,15.571777181934976,1.245742174554798,11
1250.0,1201.1278658191904,0.02,48.87213418080955,3.909770734464764,12
1250.0,1205.7915429041318,0.02,44.2084570958682,3.5366765676694554,13
1250.0,1117.8820535723369,0.02,132.11794642766313,10.56943571421305,14
1250.0,1254.1620736673217,0.02,4.1620736673216925,0.3329658933857354,15
1250.0,1262.9903662034521,0.02,12.99036620345214,1.039229296276171,16
1250.0,1202.510695892817,0.02,47.48930410718299,3.799144328574639,17
1250.0,1089.2370007242891,0.02,160.76299927571085,12.861039942056868,18
1250.0,1301.4463346099012,0.02,51.446334609901214,4.115706768792097,19
1250.0,1184.9143082323362,0.05,65.08569176766377,5.206855341413101,0
1250.0,1142.7546886341238,0.05,107.2453113658762,8.579624909270096,1
1250.0,1174.5777185441234,0.05,75.4222814558766,6.0337825164701275,2
1250.0,931.2356767564609,0.05,318.76432324353914,25.50114585948313,3
1250.0,1266.4837350306343,0.05,16.483735030634307,1.3186988024507444,4
1250.0,1308.8015392201658,0.05,58.80153922016575,4.70412313761326,5
1250.0,1231.4065455739092,0.05,18.59345442609083,1.4874763540872664,6
1250.0,949.3459292064098,0.05,300.6540707935902,24.052325663487217,7
1250.0,1144.965258811156,0.05,105.03474118884401,8.402779295107521,8
1250.0,1192.3749328874746,0.05,57.62506711252536,4.610005369002028,9
1250.0,1054.9286250973144,0.05,195.07137490268565,15.605709992214853,10
1250.0,1179.3577265651575,0.05,70.64227343484254,5.651381874787402,11
1250.0,963.0118602312266,0.05,286.9881397687734,22.95905118150187,12
1250.0,1038.572827836126,0.05,211.42717216387405,16.914173773109926,13
1250.0,888.2724351489047,0.05,361.7275648510953,28.938205188087622,14
1250.0,1115.8280769547619,0.05,134.17192304523815,10.73375384361905,15
1250.0,1085.9173566640218,0.05,164.08264333597822,13.126611466878257,16
1250.0,1135.9323591633895,0.05,114.06764083661051,9.12541126692884,17
1250.0,1032.1021949666288,0.05,217.89780503337124,17.431824402669697,18
1250.0,1258.9013882503275,0.05,8.9013882503275,0.7121110600262,19
1250.0,1225.122871616151,0.1,24.877128383848913,1.9901702707079132,0
1250.0,1102.8254995001087,0.1,147.17450049989134,11.773960039991307,1
1250.0,870.9839515818347,0.1,379.01604841816527,30.32128387345322,2
1250.0,964.4740231316838,0.1,285.5259768683162,22.842078149465298,3
1250.0,1338.6660167285677,0.1,88.66601672856768,7.093281338285415,4
1250.0,661.8818490594851,0.1,588.1181509405149,47.04945207524119,5
1250.0,625.6685825977596,0.1,624.3314174022404,49.946513392179234,6
1250.0,936.7849451552481,0.1,313.2150548447519,25.05720438758015,7
1250.0,1317.5037400447247,0.1,67.50374004472474,5.400299203577979,8
1250.0,1646.350089300759,0.1,396.350089300759,31.70800714406072,9
1250.0,1135.7944069447285,0.1,114.20559305527149,9.13644744442172,10
1250.0,1110.1039713853622,0.1,139.89602861463777,11.191682289171021,11
1250.0,600.5203904664924,0.1,649.4796095335076,51.95836876268061,12
1250.0,694.0827780339991,0.1,555.9172219660009,44.47337775728007,13
1250.0,1344.451129045445,0.1,94.45112904544499,7.5560903236355985,14
1250.0,1100.3339941087943,0.1,149.6660058912057,11.973280471296457,15
1250.0,799.2169946187278,0.1,450.78300538127223,36.06264043050178,16
1250.0,969.9720893004989,0.1,280.02791069950115,22.40223285596009,17
1250.0,1133.2185113060189,0.1,116.78148869398115,9.342519095518492,18
1250.0,1330.8647897177964,0.1,80.86478971779638,6.469183177423711,19
1250.0,201.7921271878266,0.2,1048.2078728121735,83.85662982497388,0
1250.0,1013.7318041344532,0.2,236.26819586554677,18.90145566924374,1
1250.0,610.1725712289029,0.2,639.8274287710971,51.18619430168776,2
1250.0,658.9667493351808,0.2,591.0332506648192,47.28266005318554,3
1250.0,604.6289312083493,0.2,645.3710687916507,51.629685503332055,4
1250.0,762.5647283255362,0.2,487.4352716744638,38.99482173395711,5
1250.0,627.4866851171661,0.2,622.5133148828339,49.801065190626716,6
1250.0,1292.7131416782418,0.2,42.713141678241755,3.4170513342593405,7
1250.0,941.8833090108919,0.2,308.11669098910806,24.649335279128646,8
1250.0,818.7878013824607,0.2,431.21219861753934,34.496975889403146,9
1250.0,1559.7737321839313,0.2,309.7737321839313,24.781898574714507,10
1250.0,1622.137876157606,0.2,372.1378761576059,29.77103009260847,11
1250.0,800.6566472174787,0.2,449.34335278252126,35.9474682226017,12
1250.0,412.01884620649724,0.2,837.9811537935027,67.03849230348021,13
1250.0,695.6757030977328,0.2,554.3242969022672,44.34594375218137,14
1250.0,1360.8355358228932,0.2,110.83553582289323,8.866842865831458,15
1250.0,835.0752192352112,0.2,414.9247807647888,33.193982461183104,16
1250.0,704.3624755534291,0.2,545.6375244465709,43.65100195572567,17
1250.0,732.2533873447652,0.2,517.7466126552348,41.419729012418784,18
1250.0,1160.4100870837904,0.2,89.58991291620964,7.167193033296772,19
1500.0,1469.684278115772,0.0,30.31572188422797,2.021048125615198,0
1500.0,1469.684278115772,0.0,30.31572188422797,2.021048125615198,1
1500.0,1469.684278115772,0.0,30.31572188422797,2.021048125615198,2
1500.0,1469.684278115772,0.0,30.31572188422797,2.021048125615198,3
1500.0,1469.684278115772,0.0,30.31572188422797,2.021048125615198,4
1500.0,1469.684278115772,0.0,30.31572188422797,2.021048125615198,5
1500.0,1469.684278115772,0.0,30.31572188422797,2.021048125615198,6
1500.0,1469.684278115772,0.0,30.31572188422797,2.021048125615198,7
1500.0,1469.684278115772,0.0,30.31572188422797,2.021048125615198,8
1500.0,1469.684278115772,0.0,30.31572188422797,2.021048125615198,9
1500.0,1469.684278115772,0.0,30.31572188422797,2.021048125615198,10
1500.0,1469.684278115772,0.0,30.31572188422797,2.021048125615198,11
1500.0,1469.684278115772,0.0,30.31572188422797,2.021048125615198,12
1500.0,1469.684278115772,0.0,30.31572188422797,2.021048125615198,13
1500.0,1469.684278115772,0.0,30.31572188422797,2.021048125615198,14
1500.0,1469.684278115772,0.0,30.31572188422797,2.021048125615198,15
1500.0,1469.684278115772,0.0,30.31572188422797,2.021048125615198,16
1500.0,1469.684278115772,0.0,30.31572188422797,2.021048125615198,17
1500.0,1469.684278115772,0.0,30.31572188422797,2.021048125615198,18
1500.0,1469.684278115772,0.0,30.31572188422797,2.021048125615198,19
1500.0,1454.0380173424626,0.01,45.96198265753742,3.0641321771691614,0
1500.0,1447.2117677697834,0.01,52.788232230216636,3.519215482014442,1
1500.0,1432.805322963556,0.01,67.19467703644409,4.479645135762939,2
1500.0,1369.916691763362,0.01,130.083308236638,8.6722205491092,3
1500.0,1482.5643380658794,0.01,17.435661934120617,1.1623774622747078,4
1500.0,1450.4533255806223,0.01,49.54667441937772,3.3031116279585144,5
1500.0,1418.6057856986251,0.01,81.39421430137486,5.426280953424991,6
1500.0,1490.882544607763,0.01,9.117455392236934,0.6078303594824623,7
1500.0,1482.3164209941638,0.01,17.683579005836236,1.1789052670557492,8
1500.0,1471.9081277070622,0.01,28.09187229293775,1.87279148619585,9
1500.0,1440.5045620875599,0.01,59.49543791244014,3.966362527496009,10
1500.0,1410.3645584006697,0.01,89.6354415993303,5.975696106622021,11
1500.0,1407.1146477069203,0.01,92.88535229307968,6.192356819538645,12
1500.0,1434.4688796638154,0.01,65.53112033618459,4.368741355745639,13
1500.0,1451.1100066476022,0.01,48.88999335239782,3.259332890159855,14
1500.0,1455.1069142784938,0.01,44.89308572150617,2.9928723814337443,15
1500.0,1445.9315066594393,0.01,54.068493340560735,3.604566222704049,16
1500.0,1410.7157296272296,0.01,89.28427037277038,5.952284691518026,17
1500.0,1433.0215322511697,0.01,66.97846774883033,4.465231183255355,18
1500.0,1444.3036802183988,0.01,55.69631978160123,3.713087985440082,19
1500.0,1475.222143802117,0.02,24.77785619788301,1.6518570798588674,0
1500.0,1470.8704981956216,0.02,29.12950180437838,1.9419667869585586,1
1500.0,1305.293257851814,0.02,194.7067421481861,12.980449476545738,2
1500.0,1369.1629543668632,0.02,130.83704563313677,8.722469708875783,3
1500.0,1215.9671520347408,0.02,284.0328479652592,18.935523197683946,4
1500.0,1375.5156837963723,0.02,124.48431620362771,8.298954413575181,5
1500.0,1599.6173639411202,0.02,99.61736394112017,6.641157596074679,6
1500.0,1289.4395289221293,0.02,210.56047107787072,14.037364738524714,7
1500.0,1405.2065445030241,0.02,94.79345549697587,6.319563699798392,8
1500.0,1411.1224111649287,0.02,88.87758883507126,5.9251725890047515,9
1500.0,1306.4757435038487,0.02,193.52425649615134,12.901617099743422,10
1500.0,1507.9380294075677,0.02,7.938029407567683,0.5292019605045122,11
1500.0,1286.8282763579452,0.02,213.17172364205476,14.211448242803652,12
1500.0,1305.7079096919638,0.02,194.29209030803622,12.952806020535748,13
1500.0,1450.6768842965107,0.02,49.32311570348929,3.288207713565953,14
1500.0,1463.42647684703,0.02,36.57352315296998,2.4382348768646653,15
1500.0,1223.6629501526606,0.02,276.33704984733936,18.422469989822623,16
1500.0,1298.0324659078913,0.02,201.96753409210874,13.46450227280725,17
1500.0,1351.617611028386,0.02,148.3823889716141,9.892159264774273,18
1500.0,1471.559551006568,0.02,28.440448993432028,1.8960299328954686,19
1500.0,1127.2820680088744,0.05,372.7179319911256,24.847862132741707,0
1500.0,1413.2001417184483,0.05,86.79985828155168,5.786657218770111,1
1500.0,1300.0657695799785,0.05,199.93423042002155,13.328948694668103,2
1500.0,1302.031973949848,0.05,197.96802605015205,13.19786840334347,3
1500.0,1444.8239459814104,0.05,55.17605401858964,3.6784036012393093,4
1500.0,1625.6803429908025,0.05,125.6803429908025,8.378689532720166,5
1500.0,1473.5282951855097,0.05,26.471704814490295,1.7647803209660196,6
1500.0,1212.220928345664,0.05,287.7790716543359,19.185271443622394,7
1500.0,1264.2043748560025,0.05,235.79562514399754,15.71970834293317,8
1500.0,1148.8080557172013,0.05,351.19194428279866,23.41279628551991,9
1500.0,1362.9463374470852,0.05,137.05366255291483,9.136910836860988,10
1500.0,1643.9541225517023,0.05,143.9541225517023,9.596941503446821,11
1500.0,1300.9728916965903,0.05,199.0271083034097,13.26847388689398,12
1500.0,1371.1091620065297,0.05,128.8908379934703,8.592722532898021,13
1500.0,1247.4206119197863,0.05,252.57938808021368,16.838625872014244,14
1500.0,1231.7310384665277,0.05,268.2689615334723,17.88459743556482,15
1500.0,1327.1753222502,0.05,172.8246777498,11.52164518332,16
1500.0,1388.2831424035708,0.05,111.71685759642924,7.447790506428616,17
1500.0,1262.921423699771,0.05,237.0785763002291,15.805238420015272,18
1500.0,1393.455344105428,0.05,106.54465589457209,7.10297705963814,19
1500.0,1495.8242430459884,0.1,4.175756954011604,0.2783837969341069,0
1500.0,887.3126912084213,0.1,612.6873087915787,40.84582058610525,1
1500.0,1412.7811941994428,0.1,87.21880580055722,5.814587053370481,2
1500.0,1543.646530869505,0.1,43.64653086950511,2.9097687246336745,3
1500.0,1341.7607403271693,0.1,158.2392596728307,10.549283978188715,4
1500.0,1035.5025841357915,0.1,464.4974158642085,30.966494390947236,5
1500.0,1120.5979749450187,0.1,379.4020250549813,25.293468336998753,6
1500.0,1327.1920850537642,0.1,172.80791494623577,11.520527663082385,7
1500.0,964.3024185457263,0.1,535.6975814542737,35.71317209695158,8
1500.0,1416.2855163823417,0.1,83.71448361765829,5.580965574510553,9
1500.0,1475.5938004333207,0.1,24.406199566679334,1.6270799711119555,10
1500.0,1146.5467331246123,0.1,353.4532668753877,23.563551125025846,11
1500.0,1222.9645073344961,0.1,277.03549266550385,18.46903284436692,12
1500.0,1060.2048897039372,0.1,439.79511029606283,29.319674019737523,13
1500.0,1050.0761765973978,0.1,449.92382340260224,29.99492156017348,14
1500.0,1478.4203263626273,0.1,21.579673637372707,1.4386449091581806,15
1500.0,1584.600365343526,0.1,84.60036534352594,5.640024356235063,16
1500.0,979.3918405362126,0.1,520.6081594637874,34.707210630919164,17
1500.0,1098.7478923735578,0.1,401.25210762644224,26.75014050842948,18
1500.0,1806.190045705795,0.1,306.190045705795,20.412669713719666,19
1500.0,985.8844205741124,0.2,514.1155794258876,34.27437196172584,0
1500.0,1080.635697610568,0.2,419.36430238943194,27.957620159295466,1
1500.0,1033.1280966723812,0.2,466.87190332761884,31.12479355517459,2
1500.0,144.43168382225636,0.2,1355.5683161777436,90.37122107851624,3
1500.0,571.8256892721688,0.2,928.1743107278312,61.878287381855415,4
1500.0,1521.7799612325796,0.2,21.77996123257958,1.4519974155053053,5
1500.0,1502.6566580758272,0.2,2.656658075827181,0.17711053838847876,6
1500.0,1260.4328398237953,0.2,239.56716017620465,15.971144011746977,7
1500.0,1597.3384453394633,0.2,97.3384453394633,6.489229689297554,8
1500.0,1073.3710345209115,0.2,426.6289654790885,28.441931031939234,9
1500.0,814.0491095313715,0.2,685.9508904686285,45.73005936457523,10
1500.0,1196.756108938124,0.2,303.24389106187596,20.216259404125065,11
1500.0,1227.1905706512575,0.2,272.80942934874247,18.187295289916165,12
1500.0,753.1655057697511,0.2,746.8344942302489,49.788966282016595,13
1500.0,1065.939612260582,0.2,434.06038773941805,28.93735918262787,14
1500.0,706.1585941718731,0.2,793.8414058281269,52.92276038854179,15
1500.0,988.8530445324328,0.2,511.1469554675672,34.07646369783781,16
1500.0,945.3043250313302,0.2,554.6956749686698,36.979711664577984,17
1500.0,1069.1787434156283,0.2,430.82125658437167,28.72141710562478,18
1500.0,1491.5536297248268,0.2,8.446370275173194,0.563091351678213,19
1750.0,1858.6862697921747,0.0,108.6862697921747,6.210643988124268,0
1750.0,1858.6862697921747,0.0,108.6862697921747,6.210643988124268,1
1750.0,1858.6862697921747,0.0,108.6862697921747,6.210643988124268,2
1750.0,1858.6862697921747,0.0,108.6862697921747,6.210643988124268,3
1750.0,1858.6862697921747,0.0,108.6862697921747,6.210643988124268,4
1750.0,1858.6862697921747,0.0,108.6862697921747,6.210643988124268,5
1750.0,1858.6862697921747,0.0,108.6862697921747,6.210643988124268,6
1750.0,1858.6862697921747,0.0,108.6862697921747,6.210643988124268,7
1750.0,1858.6862697921747,0.0,108.6862697921747,6.210643988124268,8
1750.0,1858.6862697921747,0.0,108.6862697921747,6.210643988124268,9
1750.0,1858.6862697921747,0.0,108.6862697921747,6.210643988124268,10
1750.0,1858.6862697921747,0.0,108.6862697921747,6.210643988124268,11
1750.0,1858.6862697921747,0.0,108.6862697921747,6.210643988124268,12
1750.0,1858.6862697921747,0.0,108.6862697921747,6.210643988124268,13
1750.0,1858.6862697921747,0.0,108.6862697921747,6.210643988124268,14
1750.0,1858.6862697921747,0.0,108.6862697921747,6.210643988124268,15
1750.0,1858.6862697921747,0.0,108.6862697921747,6.210643988124268,16
1750.0,1858.6862697921747,0.0,108.6862697921747,6.210643988124268,17
1750.0,1858.6862697921747,0.0,108.6862697921747,6.210643988124268,18
1750.0,1858.6862697921747,0.0,108.6862697921747,6.210643988124268,19
1750.0,1731.8383237613325,0.01,18.161676238667496,1.0378100707809998,0
1750.0,1761.979097716231,0.01,11.979097716231081,0.6845198694989189,1
1750.0,1841.1265757707688,0.01,91.1265757707688,5.207232901186789,2
1750.0,1733.8683545043712,0.01,16.131645495628845,0.9218083140359341,3
1750.0,1819.5860370591438,0.01,69.58603705914379,3.9763449748082165,4
1750.0,1857.173372533791,0.01,107.17337253379105,6.124192716216632,5
1750.0,1976.1430380198974,0.01,226.1430380198974,12.922459315422707,6
1750.0,1964.6524254412316,0.01,214.65242544123157,12.265852882356091,7
1750.0,1934.3074414463474,0.01,184.3074414463474,10.531853796934138,8
1750.0,1953.1866882628594,0.01,203.18668826285943,11.610667900734825,9
1750.0,1835.7078198314323,0.01,85.70781983143229,4.8975897046532735,10
1750.0,1856.9515701133778,0.01,106.95157011337778,6.111518292193016,11
1750.0,1933.949822592355,0.01,183.94982259235508,10.511418433848862,12
1750.0,1839.6604868324575,0.01,89.66048683245754,5.123456390426145,13
1750.0,1880.3758368286212,0.01,130.37583682862123,7.450047818778356,14
1750.0,1804.3816545312893,0.01,54.381654531289314,3.107523116073675,15
1750.0,1859.5906765422951,0.01,109.59067654229511,6.262324373845435,16
1750.0,1784.252322968843,0.01,34.25232296884292,1.9572755982195953,17
1750.0,1782.2045488162407,0.01,32.20454881624073,1.8402599323566131,18
1750.0,1832.4853010410668,0.01,82.4853010410668,4.713445773775246,19
1750.0,1983.7652370219994,0.02,233.76523702199938,13.35801354411425,0
1750.0,1824.0612667974306,0.02,74.06126679743056,4.232072388424603,1
1750.0,1987.3865859814666,0.02,237.38658598146662,13.564947770369521,2
1750.0,1740.5540136989655,0.02,9.445986301034509,0.5397706457734005,3
1750.0,1697.15289409796,0.02,52.847105902040084,3.019834622973719,4
1750.0,1689.5649956553393,0.02,60.43500434466068,3.453428819694896,5
1750.0,1800.7375182246892,0.02,50.73751822468921,2.8992867556965263,6
1750.0,1767.90066001373,0.02,17.900660013729976,1.0228948579274273,7
1750.0,2023.987274752415,0.02,273.98727475241503,15.656415700138002,8
1750.0,1830.6352752274545,0.02,80.63527522745449,4.607730012997399,9
1750.0,1679.2315824171524,0.02,70.76841758284763,4.043909576162722,10
1750.0,1748.1467605942,0.02,1.8532394057999682,0.10589939461714104,11
1750.0,1802.7675172671268,0.02,52.76751726712678,3.015286700978673,12
1750.0,1882.5074543716296,0.02,132.5074543716296,7.571854535521691,13
1750.0,1883.2087159458936,0.02,133.20871594589357,7.611926625479633,14
1750.0,1809.4634759742962,0.02,59.463475974296216,3.3979129128169263,15
1750.0,1951.5809493807183,0.02,201.58094938071827,11.5189113931839,16
1750.0,1806.2853396851558,0.02,56.285339685155805,3.2163051248660457,17
1750.0,1716.3038629951034,0.02,33.69613700489663,1.92549354313695,18
1750.0,1725.2298747657014,0.02,24.770125234298575,1.4154357276742044,19
1750.0,1860.6282706906893,0.05,110.6282706906893,6.321615468039389,0
1750.0,1789.717033546711,0.05,39.717033546711036,2.2695447740977737,1
1750.0,2050.66826227065,0.05,300.66826227064985,17.18104355832285,2
1750.0,1456.544945026779,0.05,293.45505497322097,16.768860284184058,3
1750.0,1317.4753591817107,0.05,432.5246408182893,24.715693761045102,4
1750.0,1637.605235139264,0.05,112.3947648607359,6.422557992042052,5
1750.0,1810.9593617491048,0.05,60.9593617491048,3.4833920999488455,6
1750.0,1860.475783788966,0.05,110.47578378896605,6.312901930798061,7
1750.0,1430.5017691725923,0.05,319.4982308274077,18.257041761566157,8
1750.0,2090.34858376289,0.05,340.34858376289003,19.448490500736572,9
1750.0,1880.2704132266003,0.05,130.27041322660034,7.444023612948591,10
1750.0,1546.3424375809686,0.05,203.65756241903136,11.637574995373221,11
1750.0,1897.4436751208548,0.05,147.44367512085478,8.425352864048845,12
1750.0,1831.914997486923,0.05,81.91499748692308,4.680856999252748,13
1750.0,1581.8370198689727,0.05,168.16298013102733,9.609313150344418,14
1750.0,2050.7933211132768,0.05,300.79332111327676,17.18818977790153,15
1750.0,1827.8857377572515,0.05,77.88573775725149,4.450613586128656,16
1750.0,1708.90615724139,0.05,41.09384275860998,2.3482195862062847,17
1750.0,1854.074716250456,0.05,104.07471625045605,5.947126642883203,18
1750.0,1366.7406944451366,0.05,383.25930555486343,21.900531745992197,19
1750.0,1703.2781588338546,0.1,46.721841166145396,2.6698194952083085,0
1750.0,1940.488992818082,0.1,190.4889928180819,10.885085303890394,1
1750.0,1522.9953122742982,0.1,227.00468772570184,12.971696441468678,2
1750.0,1581.3599720810666,0.1,168.64002791893336,9.636573023939048,3
1750.0,1109.83744203107,0.1,640.1625579689301,36.580717598224574,4
1750.0,1346.1229374227566,0.1,403.87706257724335,23.07868929012819,5
1750.0,1647.876070782648,0.1,102.12392921735204,5.835653098134403,6
1750.0,1797.886160606602,0.1,47.88616060660206,2.736352034662975,7
1750.0,1464.7916770724846,0.1,285.2083229275154,16.29761845300088,8
1750.0,1752.6194711129654,0.1,2.619471112965357,0.1496840635980204,9
1750.0,2243.383745322417,0.1,493.38374532241687,28.19335687556668,10
1750.0,1932.0793186202045,0.1,182.0793186202045,10.404532492583114,11
1750.0,1712.439878948355,0.1,37.560121051644956,2.1462926315225688,12
1750.0,2160.8250335633375,0.1,410.82503356333746,23.475716203619285,13
1750.0,1506.8621531954989,0.1,243.13784680450112,13.893591245971493,14
1750.0,1652.366851579703,0.1,97.63314842029695,5.579037052588396,15
1750.0,1904.7426254645452,0.1,154.7426254645452,8.842435740831155,16
1750.0,1895.2176339811415,0.1,145.2176339811415,8.298150513208085,17
1750.0,1692.8939243872064,0.1,57.106075612793575,3.2632043207310613,18
1750.0,1561.9483053845645,0.1,188.0516946154355,10.74581112088203,19
1750.0,1685.0614988065836,0.2,64.93850119341641,3.7107714967666525,0
1750.0,1056.1809484857813,0.2,693.8190515142187,39.64680294366964,1
1750.0,1577.7276355973368,0.2,172.27236440266324,9.844135108723615,2
1750.0,692.390256703775,0.2,1057.6097432962251,60.43484247407,3
1750.0,1456.7659088624264,0.2,293.2340911375736,16.75623377928992,4
1750.0,443.4522431417701,0.2,1306.5477568582298,74.65987182047029,5
1750.0,1848.7232741727737,0.2,98.7232741727737,5.641329952729926,6
1750.0,1836.5679279955045,0.2,86.56792799550453,4.9467387426002585,7
1750.0,1313.9844550651112,0.2,436.0155449348888,24.91517399627936,8
1750.0,127.82838939783225,0.2,1622.1716106021677,92.69552060583815,9
1750.0,1905.5530855189027,0.2,155.55308551890266,8.888747743937294,10
1750.0,571.3653825204802,0.2,1178.6346174795199,67.35054957025828,11
1750.0,911.5333450554314,0.2,838.4666549445686,47.91238028254678,12
1750.0,955.0965871899083,0.2,794.9034128100917,45.423052160576674,13
1750.0,1637.8852120641754,0.2,112.11478793582455,6.406559310618546,14
1750.0,1423.150253110566,0.2,326.8497468894341,18.677128393681947,15
1750.0,1418.2095985100332,0.2,331.7904014899668,18.959451513712388,16
1750.0,1651.185474205493,0.2,98.81452579450706,5.646544331114689,17
1750.0,1411.7312439714626,0.2,338.2687560285374,19.32964320163071,18
1750.0,1136.0684707164735,0.2,613.9315292835265,35.08180167334437,19
2000.0,1953.049763800711,0.0,46.950236199289066,2.347511809964453,0
2000.0,1953.049763800711,0.0,46.950236199289066,2.347511809964453,1
2000.0,1953.049763800711,0.0,46.950236199289066,2.347511809964453,2
2000.0,1953.049763800711,0.0,46.950236199289066,2.347511809964453,3
2000.0,1953.049763800711,0.0,46.950236199289066,2.347511809964453,4
2000.0,1953.049763800711,0.0,46.950236199289066,2.347511809964453,5
2000.0,1953.049763800711,0.0,46.950236199289066,2.347511809964453,6
2000.0,1953.049763800711,0.0,46.950236199289066,2.347511809964453,7
2000.0,1953.049763800711,0.0,46.950236199289066,2.347511809964453,8
2000.0,1953.049763800711,0.0,46.950236199289066,2.347511809964453,9
2000.0,1953.049763800711,0.0,46.950236199289066,2.347511809964453,10
2000.0,1953.049763800711,0.0,46.950236199289066,2.347511809964453,11
2000.0,1953.049763800711,0.0,46.950236199289066,2.347511809964453,12
2000.0,1953.049763800711,0.0,46.950236199289066,2.347511809964453,13
2000.0,1953.049763800711,0.0,46.950236199289066,2.347511809964453,14
2000.0,1953.049763800711,0.0,46.950236199289066,2.347511809964453,15
2000.0,1953.049763800711,0.0,46.950236199289066,2.347511809964453,16
2000.0,1953.049763800711,0.0,46.950236199289066,2.347511809964453,17
2000.0,1953.049763800711,0.0,46.950236199289066,2.347511809964453,18
2000.0,1953.049763800711,0.0,46.950236199289066,2.347511809964453,19
2000.0,1952.7772328614005,0.01,47.222767138599465,2.361138356929973,0
2000.0,1878.8887084720968,0.01,121.11129152790318,6.055564576395159,1
2000.0,1948.6881734582769,0.01,51.31182654172312,2.5655913270861563,2
2000.0,1870.7462722389778,0.01,129.25372776102222,6.462686388051112,3
2000.0,1980.2003766613707,0.01,19.799623338629317,0.9899811669314659,4
2000.0,1944.0683018842471,0.01,55.93169811575285,2.796584905787643,5
2000.0,1951.54724572776,0.01,48.4527542722401,2.422637713612005,6
2000.0,1898.0360508278302,0.01,101.9639491721698,5.098197458608491,7
2000.0,1945.7645795488286,0.01,54.23542045117142,2.711771022558571,8
2000.0,1866.3126891909403,0.01,133.68731080905968,6.684365540452984,9
2000.0,1827.9565475608392,0.01,172.04345243916077,8.602172621958038,10
2000.0,1939.9444417953582,0.01,60.055558204641784,3.0027779102320893,11
2000.0,1939.637303604655,0.01,60.36269639534498,3.0181348197672495,12
2000.0,1949.45602569142,0.01,50.54397430857989,2.5271987154289945,13
2000.0,1905.420126374141,0.01,94.57987362585891,4.728993681292946,14
2000.0,1938.0577880546798,0.01,61.942211945320196,3.09711059726601,15
2000.0,1928.7738376028494,0.01,71.22616239715057,3.5613081198575287,16
2000.0,1904.2072413977191,0.01,95.79275860228086,4.789637930114043,17
2000.0,1871.10684777979,0.01,128.8931522202099,6.444657611010496,18
2000.0,1943.8400660706757,0.01,56.159933929324325,2.8079966964662164,19
2000.0,1924.2435127745823,0.02,75.75648722541769,3.787824361270884,0
2000.0,1882.373867917411,0.02,117.62613208258904,5.881306604129452,1
2000.0,1816.615975276349,0.02,183.384024723651,9.16920123618255,2
2000.0,1765.7363804786062,0.02,234.26361952139382,11.71318097606969,3
2000.0,1829.8946606257032,0.02,170.10533937429682,8.50526696871484,4
2000.0,1851.6885310132743,0.02,148.31146898672569,7.415573449336284,5
2000.0,1857.1123568452717,0.02,142.88764315472827,7.1443821577364135,6
2000.0,1846.561280650573,0.02,153.43871934942695,7.671935967471347,7
2000.0,1938.7149019936242,0.02,61.28509800637585,3.0642549003187924,8
2000.0,1854.7769793010343,0.02,145.22302069896568,7.261151034948283,9
2000.0,1936.4991300396846,0.02,63.50086996031541,3.1750434980157705,10
2000.0,1856.4230168532545,0.02,143.57698314674553,7.178849157337276,11
2000.0,1756.9622915453797,0.02,243.03770845462032,12.151885422731015,12
2000.0,1954.0077092632064,0.02,45.99229073679362,2.2996145368396808,13
2000.0,1690.3608803387774,0.02,309.6391196612226,15.48195598306113,14
2000.0,1929.548956818606,0.02,70.45104318139397,3.522552159069699,15
2000.0,1925.021801754472,0.02,74.97819824552789,3.7489099122763943,16
2000.0,1696.582698369768,0.02,303.41730163023203,15.1708650815116,17
2000.0,1913.3061187852009,0.02,86.69388121479915,4.334694060739958,18
2000.0,1710.282757450225,0.02,289.71724254977494,14.485862127488748,19
2000.0,1992.0644740056198,0.05,7.935525994380214,0.3967762997190107,0
2000.0,1914.0200975778996,0.05,85.9799024221004,4.29899512110502,1
2000.0,1607.971365079889,0.05,392.028634920111,19.601431746005552,2
2000.0,1522.2885883033023,0.05,477.7114116966977,23.885570584834888,3
2000.0,1735.1445818871164,0.05,264.8554181128836,13.24277090564418,4
2000.0,1761.7949519613499,0.05,238.20504803865015,11.910252401932507,5
2000.0,1786.9494410779484,0.05,213.05055892205155,10.652527946102577,6
2000.0,1901.2866542796896,0.05,98.71334572031037,4.935667286015518,7
2000.0,1887.3844521507847,0.05,112.61554784921532,5.630777392460766,8
2000.0,1883.7389551983138,0.05,116.26104480168624,5.813052240084312,9
2000.0,1810.6121388260601,0.05,189.38786117393988,9.469393058696994,10
2000.0,1963.2104209995716,0.05,36.789579000428375,1.8394789500214188,11
2000.0,1882.6474855956426,0.05,117.35251440435741,5.8676257202178705,12
2000.0,1429.8332600391188,0.05,570.1667399608812,28.508336998044058,13
2000.0,1704.1545289457881,0.05,295.8454710542119,14.792273552710594,14
2000.0,1734.8909051504713,0.05,265.1090948495287,13.255454742476433,15
2000.0,1991.6341346964484,0.05,8.365865303551573,0.41829326517757864,16
2000.0,1502.2296336423376,0.05,497.7703663576624,24.888518317883122,17
2000.0,1852.255888492065,0.05,147.74411150793503,7.387205575396752,18
2000.0,1794.674062366764,0.05,205.32593763323598,10.266296881661798,19
2000.0,1639.1199514774623,0.1,360.88004852253766,18.044002426126884,0
2000.0,2004.3425299382234,0.1,4.342529938223379,0.21712649691116892,1
2000.0,1772.3974502884191,0.1,227.60254971158088,11.380127485579044,2
2000.0,1169.8990646679142,0.1,830.1009353320858,41.50504676660429,3
2000.0,1299.4998728946252,0.1,700.5001271053748,35.02500635526874,4
2000.0,1469.4070028863457,0.1,530.5929971136543,26.529649855682713,5
2000.0,1843.2824213891568,0.1,156.71757861084325,7.8358789305421634,6
2000.0,1827.3129708872086,0.1,172.68702911279138,8.63435145563957,7
2000.0,1971.2475670886015,0.1,28.7524329113985,1.4376216455699249,8
2000.0,1438.8356840709907,0.1,561.1643159290093,28.058215796450465,9
2000.0,2066.141039422833,0.1,66.14103942283282,3.3070519711416413,10
2000.0,2081.5737278506795,0.1,81.57372785067946,4.078686392533973,11
2000.0,1778.678060634149,0.1,221.321939365851,11.066096968292548,12
2000.0,1805.9110449303694,0.1,194.08895506963063,9.704447753481531,13
2000.0,2139.6331568129776,0.1,139.63315681297763,6.981657840648882,14
2000.0,1580.9199736962714,0.1,419.0800263037286,20.954001315186428,15
2000.0,1750.6194232433577,0.1,249.3805767566423,12.469028837832116,16
2000.0,1522.9480391832317,0.1,477.0519608167683,23.852598040838416,17
2000.0,2231.408101641391,0.1,231.4081016413911,11.570405082069556,18
2000.0,1540.4510467654886,0.1,459.5489532345114,22.97744766172557,19
2000.0,1663.7477256076013,0.2,336.2522743923987,16.812613719619936,0
2000.0,1611.0023741044226,0.2,388.99762589557736,19.449881294778866,1
2000.0,1823.4753927759537,0.2,176.52460722404635,8.826230361202317,2
2000.0,1833.9999962304353,0.2,166.00000376956473,8.300000188478236,3
2000.0,1079.7238214603312,0.2,920.2761785396688,46.013808926983444,4
2000.0,1683.7416501380787,0.2,316.25834986192126,15.812917493096062,5
2000.0,999.9568660740676,0.2,1000.0431339259324,50.002156696296616,6
2000.0,1420.75402501469,0.2,579.2459749853101,28.962298749265507,7
2000.0,1236.3783686308448,0.2,763.6216313691552,38.18108156845776,8
2000.0,1316.2160862012836,0.2,683.7839137987164,34.18919568993582,9
2000.0,1569.0360078869685,0.2,430.9639921130315,21.548199605651575,10
2000.0,868.3738185018481,0.2,1131.626181498152,56.581309074907594,11
2000.0,1007.3322255139914,0.2,992.6677744860086,49.63338872430043,12
2000.0,1481.8426882586843,0.2,518.1573117413157,25.907865587065782,13
2000.0,1474.2456760944015,0.2,525.7543239055985,26.287716195279927,14
2000.0,1104.1612387689652,0.2,895.8387612310348,44.79193806155174,15
2000.0,1556.4318247980962,0.2,443.56817520190384,22.17840876009519,16
2000.0,924.7795299945651,0.2,1075.220470005435,53.76102350027174,17
2000.0,789.9318175549888,0.2,1210.0681824450112,60.50340912225056,18
2000.0,1624.9986461472274,0.2,375.0013538527726,18.750067692638627,19
2250.0,2132.6913717777707,0.0,117.30862822222934,5.21371680987686,0
2250.0,2132.6913717777707,0.0,117.30862822222934,5.21371680987686,1
2250.0,2132.6913717777707,0.0,117.30862822222934,5.21371680987686,2
2250.0,2132.6913717777707,0.0,117.30862822222934,5.21371680987686,3
2250.0,2132.6913717777707,0.0,117.30862822222934,5.21371680987686,4
2250.0,2132.6913717777707,0.0,117.30862822222934,5.21371680987686,5
2250.0,2132.6913717777707,0.0,117.30862822222934,5.21371680987686,6
2250.0,2132.6913717777707,0.0,117.30862822222934,5.21371680987686,7
2250.0,2132.6913717777707,0.0,117.30862822222934,5.21371680987686,8
2250.0,2132.6913717777707,0.0,117.30862822222934,5.21371680987686,9
2250.0,2132.6913717777707,0.0,117.30862822222934,5.21371680987686,10
2250.0,2132.6913717777707,0.0,117.30862822222934,5.21371680987686,11
2250.0,2132.6913717777707,0.0,117.30862822222934,5.21371680987686,12
2250.0,2132.6913717777707,0.0,117.30862822222934,5.21371680987686,13
2250.0,2132.6913717777707,0.0,117.30862822222934,5.21371680987686,14
2250.0,2132.6913717777707,0.0,117.30862822222934,5.21371680987686,15
2250.0,2132.6913717777707,0.0,117.30862822222934,5.21371680987686,16
2250.0,2132.6913717777707,0.0,117.30862822222934,5.21371680987686,17
2250.0,2132.6913717777707,0.0,117.30862822222934,5.21371680987686,18
2250.0,2132.6913717777707,0.0,117.30862822222934,5.21371680987686,19
2250.0,1840.1062147643897,0.01,409.89378523561027,18.21750156602712,0
2250.0,2062.025866786454,0.01,187.97413321354588,8.35440592060204,1
2250.0,1873.1556054597709,0.01,376.84439454022913,16.74863975734352,2
2250.0,2162.1689996247237,0.01,87.83100037527629,3.9036000166789466,3
2250.0,1907.3569046324872,0.01,342.64309536751284,15.228582016333906,4
2250.0,2014.9764677512808,0.01,235.02353224871922,10.445490322165298,5
2250.0,1972.2623144375732,0.01,277.7376855624268,12.343897136107858,6
2250.0,2087.7207565115955,0.01,162.27924348840452,7.212410821706867,7
2250.0,2062.5860236435083,0.01,187.41397635649173,8.329510060288522,8
2250.0,2056.975392183178,0.01,193.02460781682203,8.578871458525423,9
2250.0,2104.8000895347614,0.01,145.19991046523864,6.453329354010606,10
2250.0,2123.575773228494,0.01,126.4242267715058,5.618854523178036,11
2250.0,1864.1928219197684,0.01,385.80717808023155,17.146985692454734,12
2250.0,1928.1330614987728,0.01,321.8669385012272,14.305197266721208,13
2250.0,1865.9431874234265,0.01,384.0568125765735,17.069191670069934,14
2250.0,2122.034329761567,0.01,127.96567023843318,5.687363121708141,15
2250.0,1945.8473873430703,0.01,304.1526126569297,13.517893895863542,16
2250.0,2046.1561865626802,0.01,203.8438134373198,9.059725041658657,17
2250.0,2068.9779404084265,0.01,181.02205959157345,8.045424870736598,18
2250.0,2024.2596017193728,0.01,225.74039828062723,10.032906590250098,19
2250.0,1783.6795977769455,0.02,466.32040222305454,20.725351209913534,0
2250.0,1626.6468270476935,0.02,623.3531729523065,27.704585464546955,1
2250.0,1705.6499014468425,0.02,544.3500985531575,24.193337713473667,2
2250.0,1834.1259823224375,0.02,415.8740176775625,18.483289674558335,3
2250.0,2058.2607120692537,0.02,191.7392879307463,8.52174613025539,4
2250.0,2162.368330185635,0.02,87.63166981436507,3.8947408806384476,5
2250.0,1787.146063471972,0.02,462.85393652802804,20.571286067912357,6
2250.0,2081.148852746717,0.02,168.85114725328322,7.504495433479254,7
2250.0,1859.0857948693936,0.02,390.91420513060643,17.3739646724714,8
2250.0,1731.9507332923995,0.02,518.0492667076005,23.024411853671133,9
2250.0,1818.8555872478587,0.02,431.1444127521413,19.16197390009517,10
2250.0,1767.1472114471094,0.02,482.8527885528906,21.460123935684027,11
2250.0,2047.030590418946,0.02,202.96940958105392,9.020862648046842,12
2250.0,1815.6067836761652,0.02,434.39321632383485,19.306365169948215,13
2250.0,1985.4195634360492,0.02,264.5804365639508,11.759130513953368,14
2250.0,1789.877902737154,0.02,460.12209726284595,20.44987098945982,15
2250.0,2085.1026556087863,0.02,164.89734439121366,7.328770861831718,16
2250.0,1928.4906142369666,0.02,321.5093857630334,14.289306033912593,17
2250.0,1961.0606912301942,0.02,288.93930876980585,12.841747056435814,18
2250.0,1713.5597107136837,0.02,536.4402892863163,23.841790634947394,19
2250.0,1793.38707262485,0.05,456.6129273751501,20.293907883340005,0
2250.0,1757.6432027743401,0.05,492.3567972256599,21.88252432114044,1
2250.0,1532.5288970605204,0.05,717.4711029394796,31.88760457508798,2
2250.0,2049.6943767035436,0.05,200.30562329645636,8.902472146509172,3
2250.0,1806.781968947498,0.05,443.21803105250206,19.69857915788898,4
2250.0,1617.4328579711112,0.05,632.5671420288888,28.114095201283952,5
2250.0,1788.5082292408051,0.05,461.4917707591949,20.510745367075327,6
2250.0,1608.0182295208801,0.05,641.9817704791199,28.53252313240533,7
2250.0,1691.1956901129424,0.05,558.8043098870576,24.835747106091446,8
2250.0,1715.906482147745,0.05,534.093517852255,23.737489682322444,9
2250.0,1336.244404540722,0.05,913.7555954592781,40.611359798190136,10
2250.0,1752.4601738091837,0.05,497.53982619081626,22.112881164036278,11
2250.0,2108.698286744706,0.05,141.3017132552941,6.280076144679738,12
2250.0,1786.0158998107615,0.05,463.98410018923846,20.621515563966152,13
2250.0,1450.5283295861914,0.05,799.4716704138086,35.53207424061372,14
2250.0,1376.0374617078664,0.05,873.9625382921336,38.84277947965038,15
2250.0,1800.6378041402384,0.05,449.36219585976164,19.97165314932274,16
2250.0,1849.1669434669905,0.05,400.83305653300954,17.8148025125782,17
2250.0,2065.9501076817523,0.05,184.04989231824766,8.179995214144341,18
2250.0,2005.913432954085,0.05,244.086567045915,10.848291868707333,19
2250.0,1831.8515707717072,0.1,418.1484292282928,18.58437463236857,0
2250.0,2145.298247368364,0.1,104.70175263163583,4.653411228072703,1
2250.0,1582.9367893057313,0.1,667.0632106942687,29.647253808634165,2
2250.0,1741.9635103637072,0.1,508.0364896362928,22.579399539390792,3
2250.0,2069.5129682171987,0.1,180.4870317828013,8.02164585701339,4
2250.0,1708.999978818537,0.1,541.0000211814629,24.044445385842796,5
2250.0,667.3968325346934,0.1,1582.6031674653066,70.33791855401363,6
2250.0,1898.471817835355,0.1,351.52818216464493,15.623474762873107,7
2250.0,2080.280279635462,0.1,169.7197203645378,7.543098682868347,8
2250.0,1774.7878149154287,0.1,475.2121850845713,21.12054155931428,9
2250.0,1859.103011268485,0.1,390.89698873151497,17.373199499178444,10
2250.0,1672.4354979744885,0.1,577.5645020255115,25.669533423356068,11
2250.0,1737.196553229451,0.1,512.803446770549,22.79126430091329,12
2250.0,1994.3303898387267,0.1,255.66961016127334,11.363093784945482,13
2250.0,1574.4605157120789,0.1,675.5394842879211,30.023977079463158,14
2250.0,1646.2786261924161,0.1,603.7213738075839,26.832061058114835,15
2250.0,1890.475275375857,0.1,359.5247246241429,15.978876649961906,16
2250.0,1347.0766648365031,0.1,902.9233351634969,40.129926007266526,17
2250.0,1568.1190459289899,0.1,681.8809540710101,30.305820180933786,18
2250.0,1348.9898143248852,0.1,901.0101856751148,40.044897141116216,19
2250.0,490.102518384886,0.2,1759.897481615114,78.21766584956063,0
2250.0,713.0677942814498,0.2,1536.9322057185502,68.30809803193556,1
2250.0,1395.0137216239118,0.2,854.9862783760882,37.99939015004836,2
2250.0,643.7671589588261,0.2,1606.2328410411737,71.3881262684966,3
2250.0,440.6992541306008,0.2,1809.3007458693992,80.4133664830844,4
2250.0,815.6178749818317,0.2,1434.3821250181682,63.75031666747414,5
2250.0,1215.2904172830022,0.2,1034.7095827169978,45.9870925651999,6
2250.0,1412.4564551337567,0.2,837.5435448662433,37.224157549610815,7
2250.0,273.4313877773412,0.2,1976.5686122226589,87.84749387656262,8
2250.0,535.3894845845601,0.2,1714.6105154154397,76.20491179624177,9
2250.0,1535.3131900580624,0.2,714.6868099419376,31.763858219641666,10
2250.0,1405.7180684979783,0.2,844.2819315020217,37.52364140008985,11
2250.0,1667.5410791602299,0.2,582.4589208397701,25.88706314843423,12
2250.0,1976.1370489631747,0.2,273.8629510368253,12.171686712747789,13
2250.0,1759.1577203456286,0.2,490.8422796543714,21.81521242908317,14
2250.0,2423.414594265924,0.2,173.41459426592382,7.707315300707726,15
2250.0,1392.1600313100082,0.2,857.8399686899918,38.1262208306663,16
2250.0,1611.066556171565,0.2,638.933443828435,28.397041947930447,17
2250.0,1006.1489825499242,0.2,1243.8510174500757,55.28226744222559,18
2250.0,1601.5506046961616,0.2,648.4493953038384,28.81997312461504,19
2500.0,2495.457489110704,0.0,4.542510889295954,0.18170043557183818,0
2500.0,2495.457489110704,0.0,4.542510889295954,0.18170043557183818,1
2500.0,2495.457489110704,0.0,4.542510889295954,0.18170043557183818,2
2500.0,2495.457489110704,0.0,4.542510889295954,0.18170043557183818,3
2500.0,2495.457489110704,0.0,4.542510889295954,0.18170043557183818,4
2500.0,2495.457489110704,0.0,4.542510889295954,0.18170043557183818,5
2500.0,2495.457489110704,0.0,4.542510889295954,0.18170043557183818,6
2500.0,2495.457489110704,0.0,4.542510889295954,0.18170043557183818,7
2500.0,2495.457489110704,0.0,4.542510889295954,0.18170043557183818,8
2500.0,2495.457489110704,0.0,4.542510889295954,0.18170043557183818,9
2500.0,2495.457489110704,0.0,4.542510889295954,0.18170043557183818,10
2500.0,2495.457489110704,0.0,4.542510889295954,0.18170043557183818,11
2500.0,2495.457489110704,0.0,4.542510889295954,0.18170043557183818,12
2500.0,2495.457489110704,0.0,4.542510889295954,0.18170043557183818,13
2500.0,2495.457489110704,0.0,4.542510889295954,0.18170043557183818,14
2500.0,2495.457489110704,0.0,4.542510889295954,0.18170043557183818,15
2500.0,2495.457489110704,0.0,4.542510889295954,0.18170043557183818,16
2500.0,2495.457489110704,0.0,4.542510889295954,0.18170043557183818,17
2500.0,2495.457489110704,0.0,4.542510889295954,0.18170043557183818,18
2500.0,2495.457489110704,0.0,4.542510889295954,0.18170043557183818,19
2500.0,2481.5570747988636,0.01,18.442925201136404,0.7377170080454563,0
2500.0,2480.0545947716446,0.01,19.945405228355412,0.7978162091342165,1
2500.0,2492.404549841821,0.01,7.595450158179119,0.30381800632716477,2
2500.0,2484.6792292644504,0.01,15.320770735549559,0.6128308294219824,3
2500.0,2401.743153870845,0.01,98.25684612915484,3.9302738451661936,4
2500.0,2255.713853765199,0.01,244.28614623480098,9.77144584939204,5
2500.0,2285.2984236625407,0.01,214.7015763374593,8.588063053498372,6
2500.0,2412.5429281671422,0.01,87.45707183285776,3.4982828733143103,7
2500.0,2419.808778012835,0.01,80.19122198716514,3.2076488794866056,8
2500.0,2471.7743437143886,0.01,28.22565628561142,1.129026251424457,9
2500.0,2408.3269180394564,0.01,91.67308196054364,3.666923278421746,10
2500.0,2469.7048058955083,0.01,30.295194104491657,1.2118077641796663,11
2500.0,2436.6770267462307,0.01,63.322973253769305,2.5329189301507724,12
2500.0,2475.6991879802777,0.01,24.300812019722343,0.9720324807888937,13
2500.0,2401.3632210794767,0.01,98.63677892052328,3.9454711568209317,14
2500.0,2494.6785972084976,0.01,5.321402791502351,0.21285611166009405,15
2500.0,2410.8066460325476,0.01,89.19335396745237,3.5677341586980944,16
2500.0,2373.799342648729,0.01,126.20065735127082,5.048026294050833,17
2500.0,2332.965487903311,0.01,167.034512096689,6.68138048386756,18
2500.0,2470.2441255803524,0.01,29.755874419647625,1.190234976785905,19
2500.0,2231.8638166762144,0.02,268.13618332378564,10.725447332951425,0
2500.0,2346.91495108084,0.02,153.08504891915982,6.123401956766393,1
2500.0,2294.612449178979,0.02,205.3875508210208,8.215502032840833,2
2500.0,2429.2079802143135,0.02,70.79201978568653,2.8316807914274613,3
2500.0,2433.919963949173,0.02,66.08003605082695,2.643201442033078,4
2500.0,2515.037415156039,0.02,15.03741515603906,0.6014966062415624,5
2500.0,2449.8133698637253,0.02,50.186630136274744,2.00746520545099,6
2500.0,2390.945042967594,0.02,109.05495703240604,4.362198281296242,7
2500.0,2411.4304424411503,0.02,88.56955755884974,3.5427823023539897,8
2500.0,2426.0804962739176,0.02,73.91950372608244,2.956780149043298,9
2500.0,2362.947328653681,0.02,137.05267134631913,5.482106853852765,10
2500.0,2407.040340499106,0.02,92.95965950089385,3.718386380035754,11
2500.0,2497.3165957617466,0.02,2.683404238253388,0.10733616953013553,12
2500.0,1987.814140296273,0.02,512.1858597037269,20.487434388149076,13
2500.0,2080.139761024532,0.02,419.86023897546784,16.794409559018714,14
2500.0,2148.5483957161246,0.02,351.45160428387544,14.058064171355017,15
2500.0,2147.178692074705,0.02,352.82130792529506,14.112852317011804,16
2500.0,2311.943466305051,0.02,188.05653369494894,7.522261347797958,17
2500.0,2397.1682341154674,0.02,102.83176588453262,4.113270635381305,18
2500.0,2313.55222502941,0.02,186.44777497059022,7.457910998823608,19
2500.0,2482.7703262678683,0.05,17.229673732131687,0.6891869492852675,0
2500.0,1970.4485627409138,0.05,529.5514372590862,21.182057490363448,1
2500.0,2499.90763377083,0.05,0.09236622916978376,0.00369464916679135,2
2500.0,2461.607025099697,0.05,38.392974900303216,1.5357189960121287,3
2500.0,2449.3946047611835,0.05,50.60539523881653,2.0242158095526612,4
2500.0,1655.61500653147,0.05,844.38499346853,33.7753997387412,5
2500.0,2425.52328188288,0.05,74.47671811712007,2.9790687246848027,6
2500.0,2002.691191387524,0.05,497.308808612476,19.892352344499038,7
2500.0,2374.56327464822,0.05,125.43672535177984,5.017469014071193,8
2500.0,2291.3436302109617,0.05,208.6563697890383,8.346254791561531,9
2500.0,1878.9130638528145,0.05,621.0869361471855,24.84347744588742,10
2500.0,2330.110151162832,0.05,169.88984883716785,6.795593953486715,11
2500.0,1980.8866915394308,0.05,519.1133084605692,20.764532338422768,12
2500.0,1906.5855581105416,0.05,593.4144418894584,23.73657767557834,13
2500.0,1820.543656362519,0.05,679.456343637481,27.17825374549924,14
2500.0,1963.5969752060657,0.05,536.4030247939343,21.45612099175737,15
2500.0,2431.36234276003,0.05,68.63765723996994,2.7455062895987976,16
2500.0,1947.151135449607,0.05,552.848864550393,22.113954582015722,17
2500.0,2009.6905292959732,0.05,490.3094707040268,19.612378828161074,18
2500.0,2007.6715044292162,0.05,492.32849557078384,19.693139822831355,19
2500.0,1967.10244041703,0.1,532.89755958297,21.3159023833188,0
2500.0,1599.9709105926574,0.1,900.0290894073426,36.001163576293706,1
2500.0,1366.1049783834726,0.1,1133.8950216165274,45.35580086466109,2
2500.0,1555.1703003073526,0.1,944.8296996926474,37.79318798770589,3
2500.0,1315.0196644150942,0.1,1184.9803355849058,47.39921342339623,4
2500.0,1086.410772181869,0.1,1413.589227818131,56.54356911272524,5
2500.0,2685.938762905991,0.1,185.9387629059911,7.437550516239644,6
2500.0,1716.7014654242496,0.1,783.2985345757504,31.331941383030014,7
2500.0,2386.059999756615,0.1,113.94000024338493,4.557600009735397,8
2500.0,1506.546867394929,0.1,993.453132605071,39.73812530420284,9
2500.0,1959.0089852481176,0.1,540.9910147518824,21.639640590075295,10
2500.0,1843.0866994355167,0.1,656.9133005644833,26.276532022579328,11
2500.0,1953.255024515384,0.1,546.7449754846159,21.869799019384637,12
2500.0,2336.5398243303557,0.1,163.4601756696443,6.538407026785771,13
2500.0,2339.731413642571,0.1,160.26858635742883,6.410743454297154,14
2500.0,546.5767089650835,0.1,1953.4232910349165,78.13693164139666,15
2500.0,1890.5534599721107,0.1,609.4465400278893,24.377861601115576,16
2500.0,2277.7884487492406,0.1,222.21155125075938,8.888462050030375,17
2500.0,2076.0813965343723,0.1,423.9186034656277,16.95674413862511,18
2500.0,2793.5295718362095,0.1,293.52957183620947,11.741182873448379,19
2500.0,2349.799742854668,0.2,150.20025714533222,6.008010285813289,0
2500.0,1831.867748641821,0.2,668.132251358179,26.72529005432716,1
2500.0,824.1428822371862,0.2,1675.8571177628137,67.03428471051255,2
2500.0,2283.7339226046374,0.2,216.26607739536257,8.650643095814504,3
2500.0,1731.7443001162358,0.2,768.2556998837642,30.730227995350567,4
2500.0,1784.318911612641,0.2,715.6810883873591,28.62724353549436,5
2500.0,1037.3035146446946,0.2,1462.6964853553054,58.50785941421221,6
2500.0,795.6375495228988,0.2,1704.3624504771012,68.17449801908406,7
2500.0,2030.7274136771387,0.2,469.27258632286134,18.770903452914453,8
2500.0,692.4231116446289,0.2,1807.576888355371,72.30307553421484,9
2500.0,1426.3795321168438,0.2,1073.6204678831562,42.94481871532624,10
2500.0,2520.385702970737,0.2,20.38570297073693,0.8154281188294772,11
2500.0,2276.7755180414765,0.2,223.22448195852348,8.92897927834094,12
2500.0,1239.9041962627557,0.2,1260.0958037372443,50.403832149489766,13
2500.0,1415.800220435194,0.2,1084.199779564806,43.36799118259224,14
2500.0,1121.976614507117,0.2,1378.023385492883,55.12093541971532,15
2500.0,1756.3775585129108,0.2,743.6224414870892,29.744897659483566,16
2500.0,1153.4138476930798,0.2,1346.5861523069202,53.86344609227681,17
2500.0,1930.802871968263,0.2,569.1971280317371,22.767885121269483,18
2500.0,1702.670613128909,0.2,797.329386871091,31.893175474843638,19
